"word_id","french_word","english_word","chinese_gloss","false_friend_meanings","tem4_pdf_page","false_friend_pdf_page","unit","source_code","content_version","review_state"
"LEXI_BRIDGE_FF4-0001","succéder","succeed","继任; 接连发生","成功; 继任","9","183","JOUR 1","LEXI_BRIDGE_FF4","FF4_V1","AUTO_SOURCE_VERIFIED"
"LEXI_BRIDGE_FF4-0002","plume","plume","羽毛; 钢笔","羽毛; 羽饰","9","147","JOUR 1","LEXI_BRIDGE_FF4","FF4_V1","AUTO_SOURCE_VERIFIED"
"LEXI_BRIDGE_FF4-0003","chance","chance","机会; 幸运","机会","9","34","JOUR 1","LEXI_BRIDGE_FF4","FF4_V1","AUTO_SOURCE_VERIFIED"
"LEXI_BRIDGE_FF4-0004","formel","formal","断然的; 正式的; 郑重的","正式的","10","84","JOUR 1","LEXI_BRIDGE_FF4","FF4_V1","AUTO_SOURCE_VERIFIED"
"LEXI_BRIDGE_FF4-0005","formellement","formally","断然地; 明确地","正式地","11","84","JOUR 1","LEXI_BRIDGE_FF4","FF4_V1","AUTO_SOURCE_VERIFIED"
"LEXI_BRIDGE_FF4-0006","forme","form","形状; 状态; 礼节; 班级; 长凳; 表格","形式; 表格","11","84","JOUR 1","LEXI_BRIDGE_FF4","FF4_V1","AUTO_SOURCE_VERIFIED"
"LEXI_BRIDGE_FF4-0007","portable","portable","便携的; 可穿戴的","便携的","11","148","JOUR 1","LEXI_BRIDGE_FF4","FF4_V1","AUTO_SOURCE_VERIFIED"
"LEXI_BRIDGE_FF4-0008","pavillon","pavilion","小屋; 门房; 郊区住宅","亭子; 展馆","13","140","JOUR 1","LEXI_BRIDGE_FF4","FF4_V1","AUTO_SOURCE_VERIFIED"
"LEXI_BRIDGE_FF4-0009","surnommer","surname","给人起绰号","给姓氏; 姓氏","13","185","JOUR 1","LEXI_BRIDGE_FF4","FF4_V1","AUTO_SOURCE_VERIFIED"
"LEXI_BRIDGE_FF4-0010","compenser","compensate","弥补; 抵消; 调整","补偿","13","41","JOUR 1","LEXI_BRIDGE_FF4","FF4_V1","AUTO_SOURCE_VERIFIED"
"LEXI_BRIDGE_FF4-0011","vexer","vex","使不快; 冒犯; 伤害","使恼火","14","199","JOUR 1","LEXI_BRIDGE_FF4","FF4_V1","AUTO_SOURCE_VERIFIED"
"LEXI_BRIDGE_FF4-0012","vice","vice","缺点; 毛病; 钳子","恶习; 副职","16","199","JOUR 2","LEXI_BRIDGE_FF4","FF4_V1","AUTO_SOURCE_VERIFIED"
"LEXI_BRIDGE_FF4-0013","plateau","plateau","高原; 托盘","高原; 平台期","16","146","JOUR 2","LEXI_BRIDGE_FF4","FF4_V1","AUTO_SOURCE_VERIFIED"
"LEXI_BRIDGE_FF4-0014","mode","mode","时尚; 衣着时尚","方式; 模式","17","124","JOUR 2","LEXI_BRIDGE_FF4","FF4_V1","AUTO_SOURCE_VERIFIED"
"LEXI_BRIDGE_FF4-0015","déranger","derange","打扰; 扰乱; 弄乱; 肠胃不适","使精神错乱","17","60","JOUR 2","LEXI_BRIDGE_FF4","FF4_V1","AUTO_SOURCE_VERIFIED"
"LEXI_BRIDGE_FF4-0016","prier","pray","祈祷; 请求; 恳求","祈祷","19","152","JOUR 2","LEXI_BRIDGE_FF4","FF4_V1","AUTO_SOURCE_VERIFIED"
"LEXI_BRIDGE_FF4-0017","timide","timid","羞怯的; 腼腆的","胆小的","19","189","JOUR 2","LEXI_BRIDGE_FF4","FF4_V1","AUTO_SOURCE_VERIFIED"
"LEXI_BRIDGE_FF4-0018","diffuser","diffuse","传播; 广播; 发行","扩散的","19","63","JOUR 2","LEXI_BRIDGE_FF4","FF4_V1","AUTO_SOURCE_VERIFIED"
"LEXI_BRIDGE_FF4-0019","imaginer","imagine","想象; 构思; 发明; 臆想","想象","20","98","JOUR 2","LEXI_BRIDGE_FF4","FF4_V1","AUTO_SOURCE_VERIFIED"
"LEXI_BRIDGE_FF4-0020","sot","sot","傻瓜","盐酸盐","21","180","JOUR 2","LEXI_BRIDGE_FF4","FF4_V1","AUTO_SOURCE_VERIFIED"
"LEXI_BRIDGE_FF4-0021","peine","pain","苦恼; 辛劳; 麻烦; 刑罚","身体疼痛","21","140","JOUR 2","LEXI_BRIDGE_FF4","FF4_V1","AUTO_SOURCE_VERIFIED"
"LEXI_BRIDGE_FF4-0022","verger","verger","果园","执达员","22","198","JOUR 2","LEXI_BRIDGE_FF4","FF4_V1","AUTO_SOURCE_VERIFIED"
"LEXI_BRIDGE_FF4-0023","secrétaire","secretary","秘书; 翻盖写字台","秘书","26","174","JOUR 3","LEXI_BRIDGE_FF4","FF4_V1","AUTO_SOURCE_VERIFIED"
"LEXI_BRIDGE_FF4-0024","licencier","license","解雇; 裁员","许可","27","113","JOUR 3","LEXI_BRIDGE_FF4","FF4_V1","AUTO_SOURCE_VERIFIED"
"LEXI_BRIDGE_FF4-0025","turbulent","turbulent","不守规矩的; 吵闹的","湍流的; 动荡的","27","194","JOUR 3","LEXI_BRIDGE_FF4","FF4_V1","AUTO_SOURCE_VERIFIED"
"LEXI_BRIDGE_FF4-0026","utilitaire","utilitarian","商用的; 功利的","功利主义的","27","196","JOUR 3","LEXI_BRIDGE_FF4","FF4_V1","AUTO_SOURCE_VERIFIED"
"LEXI_BRIDGE_FF4-0027","enquête","inquest","调查; 查问","死因调查","28","72","JOUR 3","LEXI_BRIDGE_FF4","FF4_V1","AUTO_SOURCE_VERIFIED"
"LEXI_BRIDGE_FF4-0028","installer","install","安装; 安置; 布置房间; 显摆","安装","32","104","JOUR 4","LEXI_BRIDGE_FF4","FF4_V1","AUTO_SOURCE_VERIFIED"
"LEXI_BRIDGE_FF4-0029","fatiguer","fatigue","使疲倦; 拌沙拉","疲劳; 使疲劳","33","80","JOUR 4","LEXI_BRIDGE_FF4","FF4_V1","AUTO_SOURCE_VERIFIED"
"LEXI_BRIDGE_FF4-0030","entraîner","entrain","训练; 带动; 引领","兴致","34","73","JOUR 4","LEXI_BRIDGE_FF4","FF4_V1","AUTO_SOURCE_VERIFIED"
"LEXI_BRIDGE_FF4-0031","caution","caution","担保; 保证; 保释金; 押金","谨慎","35","33","JOUR 4","LEXI_BRIDGE_FF4","FF4_V1","AUTO_SOURCE_VERIFIED"
"LEXI_BRIDGE_FF4-0032","répliquer","reply","反驳; 回嘴","回复","35","165","JOUR 4","LEXI_BRIDGE_FF4","FF4_V1","AUTO_SOURCE_VERIFIED"
"LEXI_BRIDGE_FF4-0033","classe","class","班级; 教室; 年龄组","班级","36","38","JOUR 4","LEXI_BRIDGE_FF4","FF4_V1","AUTO_SOURCE_VERIFIED"
"LEXI_BRIDGE_FF4-0034","science","science","知识; 技能; 科学","科学","36","174","JOUR 4","LEXI_BRIDGE_FF4","FF4_V1","AUTO_SOURCE_VERIFIED"
"LEXI_BRIDGE_FF4-0035","herbe","herb","草本植物; 香草; 野餐; 杂草","香草","39","95","JOUR 5","LEXI_BRIDGE_FF4","FF4_V1","AUTO_SOURCE_VERIFIED"
"LEXI_BRIDGE_FF4-0036","estimer","estimate","尊敬; 认为; 考虑","估计","39","74","JOUR 5","LEXI_BRIDGE_FF4","FF4_V1","AUTO_SOURCE_VERIFIED"
"LEXI_BRIDGE_FF4-0037","four","four","烤炉; 火炉","四","41","85","JOUR 5","LEXI_BRIDGE_FF4","FF4_V1","AUTO_SOURCE_VERIFIED"
"LEXI_BRIDGE_FF4-0038","complémentaire","complimentary","补充的; 附加的","赞美的","41","41","JOUR 5","LEXI_BRIDGE_FF4","FF4_V1","AUTO_SOURCE_VERIFIED"
"LEXI_BRIDGE_FF4-0039","villa","villa","独立住宅; 花园小别墅","别墅","41","199","JOUR 5","LEXI_BRIDGE_FF4","FF4_V1","AUTO_SOURCE_VERIFIED"
"LEXI_BRIDGE_FF4-0040","gentil","gentle","好心的; 友善的; 可爱的","温和的","41","90","JOUR 5","LEXI_BRIDGE_FF4","FF4_V1","AUTO_SOURCE_VERIFIED"
"LEXI_BRIDGE_FF4-0041","disposer","dispose","安排; 布置; 使准备; 可供使用","处理; 处置","42","65","JOUR 5","LEXI_BRIDGE_FF4","FF4_V1","AUTO_SOURCE_VERIFIED"
"LEXI_BRIDGE_FF4-0042","découvrir","discover","发现; 揭开; 脱帽露头","发现","42","55","JOUR 5","LEXI_BRIDGE_FF4","FF4_V1","AUTO_SOURCE_VERIFIED"
"LEXI_BRIDGE_FF4-0043","déposer","deposit","放下; 罢免; 作证","存款; 押金","42","59","JOUR 5","LEXI_BRIDGE_FF4","FF4_V1","AUTO_SOURCE_VERIFIED"
"LEXI_BRIDGE_FF4-0044","remonter","remount","重新上升; 补货; 上发条; 使振作","重新装配; 再骑上","42","164","JOUR 5","LEXI_BRIDGE_FF4","FF4_V1","AUTO_SOURCE_VERIFIED"
"LEXI_BRIDGE_FF4-0045","usage","usage","使用; 惯例; 习俗; 穿用磨损","用法; 使用","42","196","JOUR 5","LEXI_BRIDGE_FF4","FF4_V1","AUTO_SOURCE_VERIFIED"
"LEXI_BRIDGE_FF4-0046","radio","radio","无线电报务员; 无线电留言","收音机; 无线电","43","157","JOUR 5","LEXI_BRIDGE_FF4","FF4_V1","AUTO_SOURCE_VERIFIED"
"LEXI_BRIDGE_FF4-0047","fête","fete","节日; 庆典; 假期; 生日庆祝; 展览会","庆祝会","43","80","JOUR 5","LEXI_BRIDGE_FF4","FF4_V1","AUTO_SOURCE_VERIFIED"
"LEXI_BRIDGE_FF4-0048","chef","chef","厨师长; 首领; 站长; 头","厨师","44","36","JOUR 5","LEXI_BRIDGE_FF4","FF4_V1","AUTO_SOURCE_VERIFIED"
"LEXI_BRIDGE_FF4-0049","poursuivre","pursue","追赶; 继续; 起诉","追赶; 追求","44","150","JOUR 5","LEXI_BRIDGE_FF4","FF4_V1","AUTO_SOURCE_VERIFIED"
"LEXI_BRIDGE_FF4-0050","trier","try","分类; 筛选; 挑选","尝试","44","192","JOUR 5","LEXI_BRIDGE_FF4","FF4_V1","AUTO_SOURCE_VERIFIED"
"LEXI_BRIDGE_FF4-0051","hâter","hate","加快; 催促","仇恨","46","95","JOUR 6","LEXI_BRIDGE_FF4","FF4_V1","AUTO_SOURCE_VERIFIED"
"LEXI_BRIDGE_FF4-0052","répéter","repeat","重复; 排练","重复","46","164","JOUR 6","LEXI_BRIDGE_FF4","FF4_V1","AUTO_SOURCE_VERIFIED"
"LEXI_BRIDGE_FF4-0053","oriental","oriental","东方的; 东部的","东方的","47","133","JOUR 6","LEXI_BRIDGE_FF4","FF4_V1","AUTO_SOURCE_VERIFIED"
"LEXI_BRIDGE_FF4-0054","harmonie","harmony","和谐; 管乐队","和谐","47","95","JOUR 6","LEXI_BRIDGE_FF4","FF4_V1","AUTO_SOURCE_VERIFIED"
"LEXI_BRIDGE_FF4-0055","public","public","公共的; 国立的; 妓院（特定表达）","公共的; 公众","48","154","JOUR 6","LEXI_BRIDGE_FF4","FF4_V1","AUTO_SOURCE_VERIFIED"
"LEXI_BRIDGE_FF4-0056","crier","cry","喊叫","哭泣","49","51","JOUR 6","LEXI_BRIDGE_FF4","FF4_V1","AUTO_SOURCE_VERIFIED"
"LEXI_BRIDGE_FF4-0057","taper","tape","敲打; 打字; 搭讪","胶带; 录制","49","187","JOUR 6","LEXI_BRIDGE_FF4","FF4_V1","AUTO_SOURCE_VERIFIED"
"LEXI_BRIDGE_FF4-0058","raison","reason","理由; 正确; 商号; 比例","理由; 理性","49","158","JOUR 6","LEXI_BRIDGE_FF4","FF4_V1","AUTO_SOURCE_VERIFIED"
"LEXI_BRIDGE_FF4-0059","regretter","regret","后悔; 想念","后悔","52","162","JOUR 7","LEXI_BRIDGE_FF4","FF4_V1","AUTO_SOURCE_VERIFIED"
"LEXI_BRIDGE_FF4-0060","commun","common","共同的; 普通的; 劣质的","常见的","53","41","JOUR 7","LEXI_BRIDGE_FF4","FF4_V1","AUTO_SOURCE_VERIFIED"
"LEXI_BRIDGE_FF4-0061","chic","chic","时髦; 天赋; 体面、好心","时髦","53","36","JOUR 7","LEXI_BRIDGE_FF4","FF4_V1","AUTO_SOURCE_VERIFIED"
"LEXI_BRIDGE_FF4-0062","citadin","citizen","城市居民","公民","53","37","JOUR 7","LEXI_BRIDGE_FF4","FF4_V1","AUTO_SOURCE_VERIFIED"
"LEXI_BRIDGE_FF4-0063","cité","city","城市; 大学生宿舍区; 工人住宅区","城市","53","37","JOUR 7","LEXI_BRIDGE_FF4","FF4_V1","AUTO_SOURCE_VERIFIED"
"LEXI_BRIDGE_FF4-0064","rater","rate","错过; 失败","评价; 比率","53","159","JOUR 7","LEXI_BRIDGE_FF4","FF4_V1","AUTO_SOURCE_VERIFIED"
"LEXI_BRIDGE_FF4-0065","sauvage","savage","野生的; 未驯化的; 害羞的; 自由的","野蛮的","54","173","JOUR 7","LEXI_BRIDGE_FF4","FF4_V1","AUTO_SOURCE_VERIFIED"
"LEXI_BRIDGE_FF4-0066","sage","sage","明智的; 懂事的","智者","54","172","JOUR 7","LEXI_BRIDGE_FF4","FF4_V1","AUTO_SOURCE_VERIFIED"
"LEXI_BRIDGE_FF4-0067","sympathique","sympathetic","友好的; 讨人喜欢的; 同情的; 神经的","有同情心的","54","186","JOUR 7","LEXI_BRIDGE_FF4","FF4_V1","AUTO_SOURCE_VERIFIED"
"LEXI_BRIDGE_FF4-0068","geste","jest","手势","笑话","54","90","JOUR 7","LEXI_BRIDGE_FF4","FF4_V1","AUTO_SOURCE_VERIFIED"
"LEXI_BRIDGE_FF4-0069","grand","grand","高的; 大的; 伟大的; 宏伟的","宏伟的; 一千美元","55","92","JOUR 7","LEXI_BRIDGE_FF4","FF4_V1","AUTO_SOURCE_VERIFIED"
"LEXI_BRIDGE_FF4-0070","essence","essence","汽油; 树木种类","本质; 精华","57","74","JOUR 7","LEXI_BRIDGE_FF4","FF4_V1","AUTO_SOURCE_VERIFIED"
"LEXI_BRIDGE_FF4-0071","monter","mount","上升; 登上; 爬上; 安装; 搬上","登上; 山","57","125","JOUR 7","LEXI_BRIDGE_FF4","FF4_V1","AUTO_SOURCE_VERIFIED"
"LEXI_BRIDGE_FF4-0072","retourner","return","翻到反面; 翻土; 返回; 推翻","返回; 归还","59","167","JOUR 8","LEXI_BRIDGE_FF4","FF4_V1","AUTO_SOURCE_VERIFIED"
"LEXI_BRIDGE_FF4-0073","courrier","courier","信使; 邮件、邮政","快递员","59","49","JOUR 8","LEXI_BRIDGE_FF4","FF4_V1","AUTO_SOURCE_VERIFIED"
"LEXI_BRIDGE_FF4-0074","piquer","pick","刺; 蜇; 注射; 偷窃; 采摘; 啄","挑选; 采摘","59","144","JOUR 8","LEXI_BRIDGE_FF4","FF4_V1","AUTO_SOURCE_VERIFIED"
"LEXI_BRIDGE_FF4-0075","humain","humane","人的; 人道的","人道的","59","96","JOUR 8","LEXI_BRIDGE_FF4","FF4_V1","AUTO_SOURCE_VERIFIED"
"LEXI_BRIDGE_FF4-0076","recette","receipt","收入; 票房收入; 食谱","收据","60","160","JOUR 8","LEXI_BRIDGE_FF4","FF4_V1","AUTO_SOURCE_VERIFIED"
"LEXI_BRIDGE_FF4-0077","coton","cotton","棉花; 药棉","棉花","60","49","JOUR 8","LEXI_BRIDGE_FF4","FF4_V1","AUTO_SOURCE_VERIFIED"
"LEXI_BRIDGE_FF4-0078","rechercher","research","寻找; 搜寻; 追求","研究","60","160","JOUR 8","LEXI_BRIDGE_FF4","FF4_V1","AUTO_SOURCE_VERIFIED"
"LEXI_BRIDGE_FF4-0079","sens","sense","意义; 方向; 上下颠倒","感觉; 意义","60","175","JOUR 8","LEXI_BRIDGE_FF4","FF4_V1","AUTO_SOURCE_VERIFIED"
"LEXI_BRIDGE_FF4-0080","monnaie","money","货币; 纸币; 硬币; 零钱; 常规做法","金钱","61","125","JOUR 8","LEXI_BRIDGE_FF4","FF4_V1","AUTO_SOURCE_VERIFIED"
"LEXI_BRIDGE_FF4-0081","matière","matter","物质; 材料; 科目; 事情","物质; 事情","61","121","JOUR 8","LEXI_BRIDGE_FF4","FF4_V1","AUTO_SOURCE_VERIFIED"
"LEXI_BRIDGE_FF4-0082","supporter","support","忍受; 容忍; 承受","支持; 支撑","61","184","JOUR 8","LEXI_BRIDGE_FF4","FF4_V1","AUTO_SOURCE_VERIFIED"
"LEXI_BRIDGE_FF4-0083","couvert","cover","餐具; 餐位; 服务费; 遮盖","封面; 遮盖","62","50","JOUR 8","LEXI_BRIDGE_FF4","FF4_V1","AUTO_SOURCE_VERIFIED"
"LEXI_BRIDGE_FF4-0084","tribune","tribune","看台; 教堂走廊; 讲台; 管风琴阁","论坛; 讲坛","62","192","JOUR 8","LEXI_BRIDGE_FF4","FF4_V1","AUTO_SOURCE_VERIFIED"
"LEXI_BRIDGE_FF4-0085","lier","lie","捆绑; 连接; 交谈; 使变稠; 被褥缠身","撒谎; 躺","63","113","JOUR 8","LEXI_BRIDGE_FF4","FF4_V1","AUTO_SOURCE_VERIFIED"
"LEXI_BRIDGE_FF4-0086","facteur","factor","邮递员; 风琴制造者; 钢琴制造者; 因素","因素; 因子","64","78","JOUR 8","LEXI_BRIDGE_FF4","FF4_V1","AUTO_SOURCE_VERIFIED"
"LEXI_BRIDGE_FF4-0087","réformer","reform","改革; 退伍; 淘汰","改革; 改良","64","162","JOUR 8","LEXI_BRIDGE_FF4","FF4_V1","AUTO_SOURCE_VERIFIED"
"LEXI_BRIDGE_FF4-0088","timbre","timbre","音色; 小铃; 印章; 邮票","音色; 木材","64","189","JOUR 8","LEXI_BRIDGE_FF4","FF4_V1","AUTO_SOURCE_VERIFIED"
"LEXI_BRIDGE_FF4-0089","prévenir","prevent","预先警告; 通知; 预防; 偏见影响","阻止; 预防","67","152","JOUR 9","LEXI_BRIDGE_FF4","FF4_V1","AUTO_SOURCE_VERIFIED"
"LEXI_BRIDGE_FF4-0090","version","version","版本; 译成母语的翻译练习","版本","67","198","JOUR 9","LEXI_BRIDGE_FF4","FF4_V1","AUTO_SOURCE_VERIFIED"
"LEXI_BRIDGE_FF4-0091","excéder","exceed","使厌烦; 使恼怒; 超过","超过","67","75","JOUR 9","LEXI_BRIDGE_FF4","FF4_V1","AUTO_SOURCE_VERIFIED"
"LEXI_BRIDGE_FF4-0092","cravate","cravat","领带","领结","69","50","JOUR 9","LEXI_BRIDGE_FF4","FF4_V1","AUTO_SOURCE_VERIFIED"
"LEXI_BRIDGE_FF4-0093","signer","sign","签署; 画十字圣号（se signer）","签名; 标志","69","177","JOUR 9","LEXI_BRIDGE_FF4","FF4_V1","AUTO_SOURCE_VERIFIED"
"LEXI_BRIDGE_FF4-0094","craquer","crack","发出破裂声; 裂开; 崩溃; 划火柴","破裂","70","50","JOUR 9","LEXI_BRIDGE_FF4","FF4_V1","AUTO_SOURCE_VERIFIED"
"LEXI_BRIDGE_FF4-0095","industrie","industry","工业; 技艺; 勤奋","工业; 勤奋","71","102","JOUR 9","LEXI_BRIDGE_FF4","FF4_V1","AUTO_SOURCE_VERIFIED"
"LEXI_BRIDGE_FF4-0096","génie","genius","天才; 精灵; 工程兵","天才","71","90","JOUR 9","LEXI_BRIDGE_FF4","FF4_V1","AUTO_SOURCE_VERIFIED"
"LEXI_BRIDGE_FF4-0097","édifier","edify","启迪; 建造; 竖立","教化","74","68","JOUR 10","LEXI_BRIDGE_FF4","FF4_V1","AUTO_SOURCE_VERIFIED"
"LEXI_BRIDGE_FF4-0098","station","station","小站; 地铁站; 出租车站; 研究站; 度假地; 停顿","车站; 岗位","75","182","JOUR 10","LEXI_BRIDGE_FF4","FF4_V1","AUTO_SOURCE_VERIFIED"
"LEXI_BRIDGE_FF4-0099","familier","familiar","熟悉的; 宠物的","熟悉的","77","79","JOUR 10","LEXI_BRIDGE_FF4","FF4_V1","AUTO_SOURCE_VERIFIED"
"LEXI_BRIDGE_FF4-0100","rubrique","rubric","栏目; 标题","评分标准; 标题","77","170","JOUR 10","LEXI_BRIDGE_FF4","FF4_V1","AUTO_SOURCE_VERIFIED"
"LEXI_BRIDGE_FF4-0101","pièce","piece","一块; 肉块; 钱币; 硬币; 零件; 衣料; 证件; 戏剧; 房间","一块; 件; 片段","77","143","JOUR 10","LEXI_BRIDGE_FF4","FF4_V1","AUTO_SOURCE_VERIFIED"
"LEXI_BRIDGE_FF4-0102","stage","stage","实习期; 培训课程","舞台; 阶段","77","181","JOUR 10","LEXI_BRIDGE_FF4","FF4_V1","AUTO_SOURCE_VERIFIED"
"LEXI_BRIDGE_FF4-0103","merci","mercy","谢谢; 怜悯","怜悯","78","122","JOUR 10","LEXI_BRIDGE_FF4","FF4_V1","AUTO_SOURCE_VERIFIED"
"LEXI_BRIDGE_FF4-0104","réclamer","reclaim","抱怨; 索要; 要求","收回; 开垦","80","161","JOUR 10","LEXI_BRIDGE_FF4","FF4_V1","AUTO_SOURCE_VERIFIED"
"LEXI_BRIDGE_FF4-0105","figure","figure","脸; 形状; 轮廓; 数字; 身材","数字; 人物; 图形","82","81","JOUR 11","LEXI_BRIDGE_FF4","FF4_V1","AUTO_SOURCE_VERIFIED"
"LEXI_BRIDGE_FF4-0106","rentable","rentable","有利可图的; 赚钱的","可出租的","82","164","JOUR 11","LEXI_BRIDGE_FF4","FF4_V1","AUTO_SOURCE_VERIFIED"
"LEXI_BRIDGE_FF4-0107","monument","monument","纪念碑; 历史建筑; 名胜建筑","纪念碑","82","125","JOUR 11","LEXI_BRIDGE_FF4","FF4_V1","AUTO_SOURCE_VERIFIED"
"LEXI_BRIDGE_FF4-0108","effectif","effective","实际的; 真实的; 生效的","有效的","83","69","JOUR 11","LEXI_BRIDGE_FF4","FF4_V1","AUTO_SOURCE_VERIFIED"
"LEXI_BRIDGE_FF4-0109","formidable","formidable","极好的; 令人敬畏的","可怕的; 强大的","83","85","JOUR 11","LEXI_BRIDGE_FF4","FF4_V1","AUTO_SOURCE_VERIFIED"
"LEXI_BRIDGE_FF4-0110","offrir","offer","给; 赠送; 请客; 犒劳自己","给; 提议","84","132","JOUR 11","LEXI_BRIDGE_FF4","FF4_V1","AUTO_SOURCE_VERIFIED"
"LEXI_BRIDGE_FF4-0111","détail","detail","细节; 零售","细节","84","62","JOUR 11","LEXI_BRIDGE_FF4","FF4_V1","AUTO_SOURCE_VERIFIED"
"LEXI_BRIDGE_FF4-0112","sérieux","serious","严肃的; 可靠的; 认真负责的","严肃的","85","176","JOUR 11","LEXI_BRIDGE_FF4","FF4_V1","AUTO_SOURCE_VERIFIED"
"LEXI_BRIDGE_FF4-0113","organisme","organism","生物体; 组织机构","生物体","86","133","JOUR 11","LEXI_BRIDGE_FF4","FF4_V1","AUTO_SOURCE_VERIFIED"
"LEXI_BRIDGE_FF4-0114","file","file","队列; 一列; 档案夹; 金属锉","文件; 队列; 锉刀","86","81","JOUR 11","LEXI_BRIDGE_FF4","FF4_V1","AUTO_SOURCE_VERIFIED"
"LEXI_BRIDGE_FF4-0115","souvenir","souvenir","记忆; 纪念品","纪念品","86","180","JOUR 11","LEXI_BRIDGE_FF4","FF4_V1","AUTO_SOURCE_VERIFIED"
"LEXI_BRIDGE_FF4-0116","marcher","march","行进; 步行; 运转; 进行","行进","87","119","JOUR 11","LEXI_BRIDGE_FF4","FF4_V1","AUTO_SOURCE_VERIFIED"
"LEXI_BRIDGE_FF4-0117","ordonner","order","命令; 整理; 开药; 授圣职","命令; 订购","89","133","JOUR 12","LEXI_BRIDGE_FF4","FF4_V1","AUTO_SOURCE_VERIFIED"
"LEXI_BRIDGE_FF4-0118","vulgaire","vulgar","普通的; 日常的; 粗俗的","粗俗的","89","201","JOUR 12","LEXI_BRIDGE_FF4","FF4_V1","AUTO_SOURCE_VERIFIED"
"LEXI_BRIDGE_FF4-0119","fatal","fatal","不可避免的; 命中注定的","致命的","89","79","JOUR 12","LEXI_BRIDGE_FF4","FF4_V1","AUTO_SOURCE_VERIFIED"
"LEXI_BRIDGE_FF4-0120","queue","queue","队伍; 尾巴; 尾端; 把手; 果梗; 台球杆","队列","91","156","JOUR 12","LEXI_BRIDGE_FF4","FF4_V1","AUTO_SOURCE_VERIFIED"
"LEXI_BRIDGE_FF4-0121","veine","vein","静脉; 好运（口语）","静脉; 纹理","91","197","JOUR 12","LEXI_BRIDGE_FF4","FF4_V1","AUTO_SOURCE_VERIFIED"
"LEXI_BRIDGE_FF4-0122","car","car","长途汽车; 客车; 警车厢式车","汽车","92","31","JOUR 12","LEXI_BRIDGE_FF4","FF4_V1","AUTO_SOURCE_VERIFIED"
"LEXI_BRIDGE_FF4-0123","juste","just","公正的; 正确的; 准确的; 刚好; 恰好","刚刚; 仅仅; 正义的","93","109","JOUR 12","LEXI_BRIDGE_FF4","FF4_V1","AUTO_SOURCE_VERIFIED"
"LEXI_BRIDGE_FF4-0124","scolaire","scholar","在校学生","学者","94","174","JOUR 12","LEXI_BRIDGE_FF4","FF4_V1","AUTO_SOURCE_VERIFIED"
"LEXI_BRIDGE_FF4-0125","sort","sort","命运; 处置; 魔法","种类; 分类","96","179","JOUR 13","LEXI_BRIDGE_FF4","FF4_V1","AUTO_SOURCE_VERIFIED"
"LEXI_BRIDGE_FF4-0126","paradis","paradise","天堂; 剧院顶层座位","天堂","96","136","JOUR 13","LEXI_BRIDGE_FF4","FF4_V1","AUTO_SOURCE_VERIFIED"
"LEXI_BRIDGE_FF4-0127","toucher","touch","触摸; 涉及; 领到钱; 抽取配给","触摸; 接触","96","190","JOUR 13","LEXI_BRIDGE_FF4","FF4_V1","AUTO_SOURCE_VERIFIED"
"LEXI_BRIDGE_FF4-0128","terrible","terrible","非常好的; 可怕的","可怕的","97","188","JOUR 13","LEXI_BRIDGE_FF4","FF4_V1","AUTO_SOURCE_VERIFIED"
"LEXI_BRIDGE_FF4-0129","zinc","zinc","锌; 酒吧柜台; 飞机（口语）","锌","98","202","JOUR 13","LEXI_BRIDGE_FF4","FF4_V1","AUTO_SOURCE_VERIFIED"
"LEXI_BRIDGE_FF4-0130","place","place","位置; 座位; 空位; 工作; 市场广场","地方; 放置","98","145","JOUR 13","LEXI_BRIDGE_FF4","FF4_V1","AUTO_SOURCE_VERIFIED"
"LEXI_BRIDGE_FF4-0131","port","port","港口; 穿戴方式; 波特酒; 避风处","港口; 端口","98","148","JOUR 13","LEXI_BRIDGE_FF4","FF4_V1","AUTO_SOURCE_VERIFIED"
"LEXI_BRIDGE_FF4-0132","user","use","磨损; 消耗","使用","98","196","JOUR 13","LEXI_BRIDGE_FF4","FF4_V1","AUTO_SOURCE_VERIFIED"
"LEXI_BRIDGE_FF4-0133","dériver","derive","派生; 改道; 漂流","获得; 起源于","99","60","JOUR 13","LEXI_BRIDGE_FF4","FF4_V1","AUTO_SOURCE_VERIFIED"
"LEXI_BRIDGE_FF4-0134","lot","lot","份额; 地块; 命运; 大奖; 一批","份额; 命运","99","116","JOUR 13","LEXI_BRIDGE_FF4","FF4_V1","AUTO_SOURCE_VERIFIED"
"LEXI_BRIDGE_FF4-0135","carte","card","卡片; 地图; 菜单","卡片","100","32","JOUR 13","LEXI_BRIDGE_FF4","FF4_V1","AUTO_SOURCE_VERIFIED"
"LEXI_BRIDGE_FF4-0136","poli","polite","有礼貌的; 抛光的","有礼貌的","100","147","JOUR 13","LEXI_BRIDGE_FF4","FF4_V1","AUTO_SOURCE_VERIFIED"
"LEXI_BRIDGE_FF4-0137","gros","gross","大的; 胖的; 粗大的; 响亮的","粗俗的; 总的","101","93","JOUR 13","LEXI_BRIDGE_FF4","FF4_V1","AUTO_SOURCE_VERIFIED"
"LEXI_BRIDGE_FF4-0138","mémoire","memorandum","备忘录; 业务报告; 论文; 回忆录","备忘录","102","122","JOUR 13","LEXI_BRIDGE_FF4","FF4_V1","AUTO_SOURCE_VERIFIED"
"LEXI_BRIDGE_FF4-0139","mandat","mandate","委任; 汇票; 授权","授权; 任期","107","118","JOUR 14","LEXI_BRIDGE_FF4","FF4_V1","AUTO_SOURCE_VERIFIED"
"LEXI_BRIDGE_FF4-0140","sacré","sacred","神圣的; 该死的（加强/贬义）","神圣的","107","171","JOUR 14","LEXI_BRIDGE_FF4","FF4_V1","AUTO_SOURCE_VERIFIED"
"LEXI_BRIDGE_FF4-0141","goutte","gout","水滴; 少量","痛风","107","91","JOUR 14","LEXI_BRIDGE_FF4","FF4_V1","AUTO_SOURCE_VERIFIED"
"LEXI_BRIDGE_FF4-0142","col","collar","衣领; 山口; 瓶颈","衣领","107","39","JOUR 14","LEXI_BRIDGE_FF4","FF4_V1","AUTO_SOURCE_VERIFIED"
"LEXI_BRIDGE_FF4-0143","original","original","原件; 怪人","原件; 原创的","108","133","JOUR 14","LEXI_BRIDGE_FF4","FF4_V1","AUTO_SOURCE_VERIFIED"
"LEXI_BRIDGE_FF4-0144","panneau","panel","镶板; 围栏; 路标; 陷阱","小组; 面板","108","135","JOUR 14","LEXI_BRIDGE_FF4","FF4_V1","AUTO_SOURCE_VERIFIED"
"LEXI_BRIDGE_FF4-0145","époque","epoch","时代; 时期; 当时","时代","109","73","JOUR 14","LEXI_BRIDGE_FF4","FF4_V1","AUTO_SOURCE_VERIFIED"
"LEXI_BRIDGE_FF4-0146","rouler","roll","滚动; 行进; 旅行; 欺骗","滚动","109","170","JOUR 14","LEXI_BRIDGE_FF4","FF4_V1","AUTO_SOURCE_VERIFIED"
"LEXI_BRIDGE_FF4-0147","mouvement","movement","运动; 冲动; 反应; 怒火爆发","运动; 动作","109","126","JOUR 14","LEXI_BRIDGE_FF4","FF4_V1","AUTO_SOURCE_VERIFIED"
"LEXI_BRIDGE_FF4-0148","moniteur","monitor","体育教练; 辅导员; 夏令营工作人员","监视器; 班长","111","125","JOUR 15","LEXI_BRIDGE_FF4","FF4_V1","AUTO_SOURCE_VERIFIED"
"LEXI_BRIDGE_FF4-0149","résumer","resume","概括; 总结","简历; 继续","111","166","JOUR 15","LEXI_BRIDGE_FF4","FF4_V1","AUTO_SOURCE_VERIFIED"
"LEXI_BRIDGE_FF4-0150","serviette","serviette","毛巾; 餐巾; 公文包","餐巾","111","176","JOUR 15","LEXI_BRIDGE_FF4","FF4_V1","AUTO_SOURCE_VERIFIED"
"LEXI_BRIDGE_FF4-0151","château","castle","城堡; 宫殿; 乡间大宅; 水塔","城堡","111","36","JOUR 15","LEXI_BRIDGE_FF4","FF4_V1","AUTO_SOURCE_VERIFIED"
"LEXI_BRIDGE_FF4-0152","charger","charge","装载; 使负担; 索价; （法律）控告","收费; 冲锋","111","35","JOUR 15","LEXI_BRIDGE_FF4","FF4_V1","AUTO_SOURCE_VERIFIED"
"LEXI_BRIDGE_FF4-0153","charge","charge","负担; 职责; 照料; 收费","收费; 指控","112","35","JOUR 15","LEXI_BRIDGE_FF4","FF4_V1","AUTO_SOURCE_VERIFIED"
"LEXI_BRIDGE_FF4-0154","contester","contest","争议; 抗议; 反对","比赛","112","46","JOUR 15","LEXI_BRIDGE_FF4","FF4_V1","AUTO_SOURCE_VERIFIED"
"LEXI_BRIDGE_FF4-0155","prétendre","pretend","要求; 声称","假装; 声称","113","151","JOUR 15","LEXI_BRIDGE_FF4","FF4_V1","AUTO_SOURCE_VERIFIED"
"LEXI_BRIDGE_FF4-0156","impression","impression","印象; 印刷; 错印","印象","113","99","JOUR 15","LEXI_BRIDGE_FF4","FF4_V1","AUTO_SOURCE_VERIFIED"
"LEXI_BRIDGE_FF4-0157","confus","confused","困惑的; 尴尬的","困惑的","113","44","JOUR 15","LEXI_BRIDGE_FF4","FF4_V1","AUTO_SOURCE_VERIFIED"
"LEXI_BRIDGE_FF4-0158","scène","scene","戏剧场景; 事件发生地点","场景; 现场","114","173","JOUR 15","LEXI_BRIDGE_FF4","FF4_V1","AUTO_SOURCE_VERIFIED"
"LEXI_BRIDGE_FF4-0159","demander","demand","询问; 请求; 想知道; 叫牌","要求","115","58","JOUR 15","LEXI_BRIDGE_FF4","FF4_V1","AUTO_SOURCE_VERIFIED"
"LEXI_BRIDGE_FF4-0160","fumer","fume","吸烟; 发怒; 施肥","冒烟; 愤怒","115","87","JOUR 15","LEXI_BRIDGE_FF4","FF4_V1","AUTO_SOURCE_VERIFIED"
"LEXI_BRIDGE_FF4-0161","pilote","pilot","飞行员; 驾驶员; 船舶引航员; 试验性的; 低价的","飞行员; 领航员; 试验性的","119","144","JOUR 16","LEXI_BRIDGE_FF4","FF4_V1","AUTO_SOURCE_VERIFIED"
"LEXI_BRIDGE_FF4-0162","fièvre","fever","发烧; 兴奋","发烧; 狂热","120","80","JOUR 16","LEXI_BRIDGE_FF4","FF4_V1","AUTO_SOURCE_VERIFIED"
"LEXI_BRIDGE_FF4-0163","repasser","repass","再经过; 重越; 重考; 熨烫; 再次拜访","重新通过","122","164","JOUR 16","LEXI_BRIDGE_FF4","FF4_V1","AUTO_SOURCE_VERIFIED"
"LEXI_BRIDGE_FF4-0164","retirer","retire","拉回; 撤回; 移走; 退休; 退出","退休; 撤退","126","167","JOUR 17","LEXI_BRIDGE_FF4","FF4_V1","AUTO_SOURCE_VERIFIED"
"LEXI_BRIDGE_FF4-0165","foyer","foyer","家; 炉边; 俱乐部; 中心; 病灶","剧院前厅","127","86","JOUR 17","LEXI_BRIDGE_FF4","FF4_V1","AUTO_SOURCE_VERIFIED"
"LEXI_BRIDGE_FF4-0166","cause","cause","原因; 诉讼案件; 起诉","原因","128","33","JOUR 17","LEXI_BRIDGE_FF4","FF4_V1","AUTO_SOURCE_VERIFIED"
"LEXI_BRIDGE_FF4-0167","toile","toil","布料; 亚麻布; 帆布; 背景幕布; 蛛网","辛劳","129","189","JOUR 17","LEXI_BRIDGE_FF4","FF4_V1","AUTO_SOURCE_VERIFIED"
"LEXI_BRIDGE_FF4-0168","embarras","embarrassment","困难; 经济拮据; 选择困难; 肠胃不适","尴尬","130","70","JOUR 17","LEXI_BRIDGE_FF4","FF4_V1","AUTO_SOURCE_VERIFIED"
"LEXI_BRIDGE_FF4-0169","conduire","conduct","引导; 驾驶; 输送; 行为举止","行为; 指挥","130","43","JOUR 17","LEXI_BRIDGE_FF4","FF4_V1","AUTO_SOURCE_VERIFIED"
"LEXI_BRIDGE_FF4-0170","primitif","primitive","原始的; 最初的","原始的; 简陋的","132","152","JOUR 18","LEXI_BRIDGE_FF4","FF4_V1","AUTO_SOURCE_VERIFIED"
"LEXI_BRIDGE_FF4-0171","kiosque","kiosk","报刊亭; 花亭; 音乐台; 船舶驾驶室; 潜艇指挥塔; 夏季别墅","自助终端; 售货亭","134","109","JOUR 18","LEXI_BRIDGE_FF4","FF4_V1","AUTO_SOURCE_VERIFIED"
"LEXI_BRIDGE_FF4-0172","trafic","traffic","交通运输","交通; 非法买卖","135","190","JOUR 18","LEXI_BRIDGE_FF4","FF4_V1","AUTO_SOURCE_VERIFIED"
"LEXI_BRIDGE_FF4-0173","causer","cause","导致; 聊天","导致","135","33","JOUR 18","LEXI_BRIDGE_FF4","FF4_V1","AUTO_SOURCE_VERIFIED"
"LEXI_BRIDGE_FF4-0174","tablette","tablet","小桌板; 巧克力块; 搁板","平板电脑; 药片","136","186","JOUR 18","LEXI_BRIDGE_FF4","FF4_V1","AUTO_SOURCE_VERIFIED"
"LEXI_BRIDGE_FF4-0175","superbe","superb","极好的; 傲慢的","极好的","136","184","JOUR 18","LEXI_BRIDGE_FF4","FF4_V1","AUTO_SOURCE_VERIFIED"
"LEXI_BRIDGE_FF4-0176","province","Provence","省; 外省; 乡下（相对巴黎）","普罗旺斯","137","154","JOUR 18","LEXI_BRIDGE_FF4","FF4_V1","AUTO_SOURCE_VERIFIED"
"LEXI_BRIDGE_FF4-0177","traiter","treat","处理; 称呼; 款待; 请客","对待; 治疗","139","191","JOUR 19","LEXI_BRIDGE_FF4","FF4_V1","AUTO_SOURCE_VERIFIED"
"LEXI_BRIDGE_FF4-0178","carrière","career","职业生涯; 采石场; 外交部门","职业生涯","139","32","JOUR 19","LEXI_BRIDGE_FF4","FF4_V1","AUTO_SOURCE_VERIFIED"
"LEXI_BRIDGE_FF4-0179","former","former","形成; 制造; 塑造; 培养; 教育","以前的","139","85","JOUR 19","LEXI_BRIDGE_FF4","FF4_V1","AUTO_SOURCE_VERIFIED"
"LEXI_BRIDGE_FF4-0180","expérience","experience","经验; 实验","经验","140","76","JOUR 19","LEXI_BRIDGE_FF4","FF4_V1","AUTO_SOURCE_VERIFIED"
"LEXI_BRIDGE_FF4-0181","saluer","salute","打招呼; 致意; 挥手","敬礼","143","172","JOUR 19","LEXI_BRIDGE_FF4","FF4_V1","AUTO_SOURCE_VERIFIED"
"LEXI_BRIDGE_FF4-0182","détacher","detach","分离; 清除污渍","分离","143","61","JOUR 19","LEXI_BRIDGE_FF4","FF4_V1","AUTO_SOURCE_VERIFIED"
"LEXI_BRIDGE_FF4-0183","salaire","salary","工资","工资","143","172","JOUR 19","LEXI_BRIDGE_FF4","FF4_V1","AUTO_SOURCE_VERIFIED"
"LEXI_BRIDGE_FF4-0184","hardi","hardy","大胆的; 勇敢的","耐寒的; 健壮的","144","95","JOUR 19","LEXI_BRIDGE_FF4","FF4_V1","AUTO_SOURCE_VERIFIED"
"LEXI_BRIDGE_FF4-0185","toilette","toilet","梳洗; 穿戴; 女装; 梳妆台; 卫生间","厕所","144","189","JOUR 19","LEXI_BRIDGE_FF4","FF4_V1","AUTO_SOURCE_VERIFIED"
"LEXI_BRIDGE_FF4-0186","spectacle","spectacle","演出; 景象; 眼镜（复数）","景象; 眼镜","144","180","JOUR 19","LEXI_BRIDGE_FF4","FF4_V1","AUTO_SOURCE_VERIFIED"
"LEXI_BRIDGE_FF4-0187","flatter","flatter","奉承; 取悦; 抚摸","奉承","147","82","JOUR 20","LEXI_BRIDGE_FF4","FF4_V1","AUTO_SOURCE_VERIFIED"
"LEXI_BRIDGE_FF4-0188","domaine","domain","领地; 地产; 领域; 国家财产","领域","147","66","JOUR 20","LEXI_BRIDGE_FF4","FF4_V1","AUTO_SOURCE_VERIFIED"
"LEXI_BRIDGE_FF4-0189","gomme","gum","树胶; 橡皮擦; 橡胶","树胶; 牙龈","147","91","JOUR 20","LEXI_BRIDGE_FF4","FF4_V1","AUTO_SOURCE_VERIFIED"
"LEXI_BRIDGE_FF4-0190","député","deputy","国民议会议员","副职","148","60","JOUR 20","LEXI_BRIDGE_FF4","FF4_V1","AUTO_SOURCE_VERIFIED"
"LEXI_BRIDGE_FF4-0191","square","square","带花园的小广场","广场; 正方形","149","181","JOUR 20","LEXI_BRIDGE_FF4","FF4_V1","AUTO_SOURCE_VERIFIED"
"LEXI_BRIDGE_FF4-0192","régime","regime","政体; 制度; 一把香蕉; 饮食法","政体; 制度","149","162","JOUR 20","LEXI_BRIDGE_FF4","FF4_V1","AUTO_SOURCE_VERIFIED"
"LEXI_BRIDGE_FF4-0193","sain","sane","健康的; 健全的; 安全的","神志清醒的","150","172","JOUR 20","LEXI_BRIDGE_FF4","FF4_V1","AUTO_SOURCE_VERIFIED"
"LEXI_BRIDGE_FF4-0194","tester","test","测试; 立遗嘱","测试; 试验","151","188","JOUR 20","LEXI_BRIDGE_FF4","FF4_V1","AUTO_SOURCE_VERIFIED"
"LEXI_BRIDGE_FF4-0195","tromper","trump","欺骗; 出错; 消磨时间","王牌; 胜过","151","193","JOUR 20","LEXI_BRIDGE_FF4","FF4_V1","AUTO_SOURCE_VERIFIED"
"LEXI_BRIDGE_FF4-0196","complet","complete","完整的; 全满的","完整的","154","41","JOUR 21","LEXI_BRIDGE_FF4","FF4_V1","AUTO_SOURCE_VERIFIED"
"LEXI_BRIDGE_FF4-0197","supérieur","superior","较高的; 上层的; 上面的","更好的; 上级的","154","184","JOUR 21","LEXI_BRIDGE_FF4","FF4_V1","AUTO_SOURCE_VERIFIED"
"LEXI_BRIDGE_FF4-0198","laborieux","laborious","费力的; 辛苦的; 勤劳的; 劳动阶级的","费力的","155","110","JOUR 21","LEXI_BRIDGE_FF4","FF4_V1","AUTO_SOURCE_VERIFIED"
"LEXI_BRIDGE_FF4-0199","vaisselle","vessel","餐具; 洗碗","容器; 船","156","196","JOUR 21","LEXI_BRIDGE_FF4","FF4_V1","AUTO_SOURCE_VERIFIED"
"LEXI_BRIDGE_FF4-0200","faveur","favour","恩惠; 偏爱; 保护","赞成; 恩惠","156","80","JOUR 21","LEXI_BRIDGE_FF4","FF4_V1","AUTO_SOURCE_VERIFIED"
"LEXI_BRIDGE_FF4-0201","réservoir","reservoir","水箱; 煤气表; 油箱; 鱼塘","水库; 储存库","156","165","JOUR 21","LEXI_BRIDGE_FF4","FF4_V1","AUTO_SOURCE_VERIFIED"
"LEXI_BRIDGE_FF4-0202","mineur","miner","矿工; 未成年人; 次要的","矿工","157","123","JOUR 21","LEXI_BRIDGE_FF4","FF4_V1","AUTO_SOURCE_VERIFIED"
"LEXI_BRIDGE_FF4-0203","issue","issue","出口; 出路; 紧急出口; 结果","问题; 结果; 发行物","157","107","JOUR 21","LEXI_BRIDGE_FF4","FF4_V1","AUTO_SOURCE_VERIFIED"
"LEXI_BRIDGE_FF4-0204","degré","degree","度; 台阶","学位","157","57","JOUR 21","LEXI_BRIDGE_FF4","FF4_V1","AUTO_SOURCE_VERIFIED"
"LEXI_BRIDGE_FF4-0205","ordinaire","ordinary","日常惯例; 正常状态; 普通食物","普通的","158","133","JOUR 21","LEXI_BRIDGE_FF4","FF4_V1","AUTO_SOURCE_VERIFIED"
"LEXI_BRIDGE_FF4-0206","ventiler","ventilate","通风; 分别估价; 拆分分析","通风","158","198","JOUR 21","LEXI_BRIDGE_FF4","FF4_V1","AUTO_SOURCE_VERIFIED"
"LEXI_BRIDGE_FF4-0207","langage","language","特定用语; 技术语言; 日常用语","语言","158","111","JOUR 21","LEXI_BRIDGE_FF4","FF4_V1","AUTO_SOURCE_VERIFIED"
"LEXI_BRIDGE_FF4-0208","ponctuel","punctual","守时的; 技术上为局部的、特定的、精确的","守时的","158","148","JOUR 21","LEXI_BRIDGE_FF4","FF4_V1","AUTO_SOURCE_VERIFIED"
"LEXI_BRIDGE_FF4-0209","début","debut","开始; 开端; 初次登场","初次亮相","158","54","JOUR 21","LEXI_BRIDGE_FF4","FF4_V1","AUTO_SOURCE_VERIFIED"
"LEXI_BRIDGE_FF4-0210","parfum","perfume","香水; 香味; 冰淇淋口味","香水; 香味","159","137","JOUR 21","LEXI_BRIDGE_FF4","FF4_V1","AUTO_SOURCE_VERIFIED"
"LEXI_BRIDGE_FF4-0211","objectif","objective","目标; 相机镜头","目标; 客观的","159","130","JOUR 21","LEXI_BRIDGE_FF4","FF4_V1","AUTO_SOURCE_VERIFIED"
"LEXI_BRIDGE_FF4-0212","consommer","consume","消费; 饮酒","消费","161","46","JOUR 22","LEXI_BRIDGE_FF4","FF4_V1","AUTO_SOURCE_VERIFIED"
"LEXI_BRIDGE_FF4-0213","commander","command","命令; 点餐订购","命令","161","40","JOUR 22","LEXI_BRIDGE_FF4","FF4_V1","AUTO_SOURCE_VERIFIED"
"LEXI_BRIDGE_FF4-0214","trésor","treasure","宝藏; 财政部","宝藏","162","192","JOUR 22","LEXI_BRIDGE_FF4","FF4_V1","AUTO_SOURCE_VERIFIED"
"LEXI_BRIDGE_FF4-0215","commettre","commit","犯（罪）; 任命; 使入狱; 使陷入风险","犯下; 承诺","162","40","JOUR 22","LEXI_BRIDGE_FF4","FF4_V1","AUTO_SOURCE_VERIFIED"
"LEXI_BRIDGE_FF4-0216","concret","concrete","具体的; 现实的","混凝土","162","42","JOUR 22","LEXI_BRIDGE_FF4","FF4_V1","AUTO_SOURCE_VERIFIED"
"LEXI_BRIDGE_FF4-0217","isoler","isolate","隔离; 绝缘","隔离","164","107","JOUR 22","LEXI_BRIDGE_FF4","FF4_V1","AUTO_SOURCE_VERIFIED"
"LEXI_BRIDGE_FF4-0218","théorie","theory","理论; 队列; 行列","理论","165","188","JOUR 22","LEXI_BRIDGE_FF4","FF4_V1","AUTO_SOURCE_VERIFIED"
"LEXI_BRIDGE_FF4-0219","mince","mince","瘦的; 细的","剁碎肉; 细小","165","123","JOUR 22","LEXI_BRIDGE_FF4","FF4_V1","AUTO_SOURCE_VERIFIED"
"LEXI_BRIDGE_FF4-0220","retraite","retreat","军事撤退; 军用纹身; 静修地; 退休; 养老金","撤退; 静修","166","167","JOUR 22","LEXI_BRIDGE_FF4","FF4_V1","AUTO_SOURCE_VERIFIED"
"LEXI_BRIDGE_FF4-0221","thème","theme","主题; 散文作文","主题","168","188","JOUR 23","LEXI_BRIDGE_FF4","FF4_V1","AUTO_SOURCE_VERIFIED"
"LEXI_BRIDGE_FF4-0222","honnête","honest","诚实的; 有礼的; 得体的; 正派的; 公平的","诚实的","168","96","JOUR 23","LEXI_BRIDGE_FF4","FF4_V1","AUTO_SOURCE_VERIFIED"
"LEXI_BRIDGE_FF4-0223","combiner","combine","结合; 设法; 耍手段","结合","168","40","JOUR 23","LEXI_BRIDGE_FF4","FF4_V1","AUTO_SOURCE_VERIFIED"
"LEXI_BRIDGE_FF4-0224","conférence","conference","会议; 新闻发布会; 讲座","会议","169","43","JOUR 23","LEXI_BRIDGE_FF4","FF4_V1","AUTO_SOURCE_VERIFIED"
"LEXI_BRIDGE_FF4-0225","élément","element","要素; 线索; 家具组件; 人","元素","169","69","JOUR 23","LEXI_BRIDGE_FF4","FF4_V1","AUTO_SOURCE_VERIFIED"
"LEXI_BRIDGE_FF4-0226","disparaître","disappear","消失; 去世","消失","169","64","JOUR 23","LEXI_BRIDGE_FF4","FF4_V1","AUTO_SOURCE_VERIFIED"
"LEXI_BRIDGE_FF4-0227","unique","unique","唯一的; 独生的; 单向的","独特的","171","195","JOUR 23","LEXI_BRIDGE_FF4","FF4_V1","AUTO_SOURCE_VERIFIED"
"LEXI_BRIDGE_FF4-0228","garage","garage","车库; 公交车场; 飞机库; 铁路支线","车库","171","88","JOUR 23","LEXI_BRIDGE_FF4","FF4_V1","AUTO_SOURCE_VERIFIED"
"LEXI_BRIDGE_FF4-0229","délivrer","deliver","释放; 分娩; 交付; 签发","交付","172","57","JOUR 23","LEXI_BRIDGE_FF4","FF4_V1","AUTO_SOURCE_VERIFIED"
"LEXI_BRIDGE_FF4-0230","régulier","regular","规则的; 公平的; 正直的; 笔直的; 现役的","规则的; 经常的","175","163","JOUR 24","LEXI_BRIDGE_FF4","FF4_V1","AUTO_SOURCE_VERIFIED"
"LEXI_BRIDGE_FF4-0231","corde","cord","绳子; 乐器弦; 网球拍弦; 声带","绳索","176","47","JOUR 24","LEXI_BRIDGE_FF4","FF4_V1","AUTO_SOURCE_VERIFIED"
"LEXI_BRIDGE_FF4-0232","point","point","点; 句点; 针脚; 侧腹痛; 牛排熟度","点; 观点","176","147","JOUR 24","LEXI_BRIDGE_FF4","FF4_V1","AUTO_SOURCE_VERIFIED"
"LEXI_BRIDGE_FF4-0233","convenir","convene","适合; 合宜; 同意","召集","177","47","JOUR 24","LEXI_BRIDGE_FF4","FF4_V1","AUTO_SOURCE_VERIFIED"
"LEXI_BRIDGE_FF4-0234","rail","rail","铁轨; 轨道; 交通运输","栏杆; 铁路","177","158","JOUR 24","LEXI_BRIDGE_FF4","FF4_V1","AUTO_SOURCE_VERIFIED"
"LEXI_BRIDGE_FF4-0235","pair","pair","同等的人; 同等的; 偶数","一对; 配对","178","134","JOUR 24","LEXI_BRIDGE_FF4","FF4_V1","AUTO_SOURCE_VERIFIED"
"LEXI_BRIDGE_FF4-0236","volontaire","voluntary","自愿的; 意志坚定的","自愿的","178","200","JOUR 24","LEXI_BRIDGE_FF4","FF4_V1","AUTO_SOURCE_VERIFIED"
"LEXI_BRIDGE_FF4-0237","occasion","occasion","机会; 场合; 便宜货; 二手","场合; 机会","179","131","JOUR 24","LEXI_BRIDGE_FF4","FF4_V1","AUTO_SOURCE_VERIFIED"
"LEXI_BRIDGE_FF4-0238","retenir","retain","留住; 扣留; 克制; 预订; 雇用","保留; 保持","179","166","JOUR 24","LEXI_BRIDGE_FF4","FF4_V1","AUTO_SOURCE_VERIFIED"
"LEXI_BRIDGE_FF4-0239","retracer","retrace","重新描画; 重述; 回忆","追溯; 折返","180","167","JOUR 24","LEXI_BRIDGE_FF4","FF4_V1","AUTO_SOURCE_VERIFIED"
"LEXI_BRIDGE_FF4-0240","perfectionner","perfect","改进; 完善","完美的; 使完美","184","141","JOUR 25","LEXI_BRIDGE_FF4","FF4_V1","AUTO_SOURCE_VERIFIED"
"LEXI_BRIDGE_FF4-0241","lancer","launch","投掷; 发射; 推出; 发动","发射; 推出","185","111","JOUR 25","LEXI_BRIDGE_FF4","FF4_V1","AUTO_SOURCE_VERIFIED"
"LEXI_BRIDGE_FF4-0242","cycle","cycle","周期; 自行车（正式）","自行车","186","52","JOUR 25","LEXI_BRIDGE_FF4","FF4_V1","AUTO_SOURCE_VERIFIED"
"LEXI_BRIDGE_FF4-0243","rumeur","rumour","谣言; 低沉噪声","谣言","186","171","JOUR 25","LEXI_BRIDGE_FF4","FF4_V1","AUTO_SOURCE_VERIFIED"
"LEXI_BRIDGE_FF4-0244","race","race","品种; 血统","比赛; 种族","186","157","JOUR 25","LEXI_BRIDGE_FF4","FF4_V1","AUTO_SOURCE_VERIFIED"
"LEXI_BRIDGE_FF4-0245","revanche","revenge","复仇; 扳回一局; 补偿","复仇","187","167","JOUR 25","LEXI_BRIDGE_FF4","FF4_V1","AUTO_SOURCE_VERIFIED"
"LEXI_BRIDGE_FF4-0246","précieux","precious","珍贵的; 宝贵的; 无价的","珍贵的","191","150","JOUR 26","LEXI_BRIDGE_FF4","FF4_V1","AUTO_SOURCE_VERIFIED"
"LEXI_BRIDGE_FF4-0247","casserole","casserole","深平底锅","焙盘菜","191","32","JOUR 26","LEXI_BRIDGE_FF4","FF4_V1","AUTO_SOURCE_VERIFIED"
"LEXI_BRIDGE_FF4-0248","instance","instance","坚持; 法律程序; 权威; 情况","实例","192","104","JOUR 26","LEXI_BRIDGE_FF4","FF4_V1","AUTO_SOURCE_VERIFIED"
"LEXI_BRIDGE_FF4-0249","gourmand","gourmand","贪吃的人; 卷须; 吸盘","美食家","193","91","JOUR 26","LEXI_BRIDGE_FF4","FF4_V1","AUTO_SOURCE_VERIFIED"
"LEXI_BRIDGE_FF4-0250","dominer","dominate","支配; 俯瞰; 占优势","支配","193","66","JOUR 26","LEXI_BRIDGE_FF4","FF4_V1","AUTO_SOURCE_VERIFIED"
"LEXI_BRIDGE_FF4-0251","hexagone","hexagon","六边形; 法国本土","六边形","193","96","JOUR 26","LEXI_BRIDGE_FF4","FF4_V1","AUTO_SOURCE_VERIFIED"
"LEXI_BRIDGE_FF4-0252","éventuel","eventual","可能的; 潜在的","最终的","194","74","JOUR 26","LEXI_BRIDGE_FF4","FF4_V1","AUTO_SOURCE_VERIFIED"
"LEXI_BRIDGE_FF4-0253","rester","rest","停留; 保持","休息; 剩余","195","166","JOUR 26","LEXI_BRIDGE_FF4","FF4_V1","AUTO_SOURCE_VERIFIED"
"LEXI_BRIDGE_FF4-0254","forcer","force","强迫; 迫使","力量; 强迫","195","83","JOUR 26","LEXI_BRIDGE_FF4","FF4_V1","AUTO_SOURCE_VERIFIED"
"LEXI_BRIDGE_FF4-0255","dragon","dragon","龙; 骑兵","龙","196","67","JOUR 26","LEXI_BRIDGE_FF4","FF4_V1","AUTO_SOURCE_VERIFIED"
"LEXI_BRIDGE_FF4-0256","violer","violate","违反; 强奸; 非法侵入","违反","198","200","JOUR 27","LEXI_BRIDGE_FF4","FF4_V1","AUTO_SOURCE_VERIFIED"
"LEXI_BRIDGE_FF4-0257","interroger","interrogate","提问; 考试; 讯问","审问","198","106","JOUR 27","LEXI_BRIDGE_FF4","FF4_V1","AUTO_SOURCE_VERIFIED"
"LEXI_BRIDGE_FF4-0258","imposer","impose","强加; 强迫; 激发敬意; 征税; 使自己被接受","强加; 征税","199","98","JOUR 27","LEXI_BRIDGE_FF4","FF4_V1","AUTO_SOURCE_VERIFIED"
"LEXI_BRIDGE_FF4-0259","tourner","turn","转动; 拍摄; 表演","转动; 轮流","199","190","JOUR 27","LEXI_BRIDGE_FF4","FF4_V1","AUTO_SOURCE_VERIFIED"
"LEXI_BRIDGE_FF4-0260","choc","shock","碰撞; 敲击; 轻响; 特价","震惊","199","37","JOUR 27","LEXI_BRIDGE_FF4","FF4_V1","AUTO_SOURCE_VERIFIED"
"LEXI_BRIDGE_FF4-0261","fondre","founder","融化; 猛扑","失败; 沉没","200","83","JOUR 27","LEXI_BRIDGE_FF4","FF4_V1","AUTO_SOURCE_VERIFIED"
"LEXI_BRIDGE_FF4-0262","quartier","quarter","四分之一; 街区; 总部; 身体部位; 仁慈","四分之一; 住处","200","156","JOUR 27","LEXI_BRIDGE_FF4","FF4_V1","AUTO_SOURCE_VERIFIED"
"LEXI_BRIDGE_FF4-0263","fort","fort","堡垒; 强项; 严冬; 强壮的人","堡垒","201","85","JOUR 27","LEXI_BRIDGE_FF4","FF4_V1","AUTO_SOURCE_VERIFIED"
"LEXI_BRIDGE_FF4-0264","sombre","somber","昏暗的; 忧郁的; 愚蠢透顶的（口语）","阴沉的; 忧郁的","203","179","JOUR 27","LEXI_BRIDGE_FF4","FF4_V1","AUTO_SOURCE_VERIFIED"
"LEXI_BRIDGE_FF4-0265","commenter","comment","评论; 解说","评论","203","40","JOUR 27","LEXI_BRIDGE_FF4","FF4_V1","AUTO_SOURCE_VERIFIED"
"LEXI_BRIDGE_FF4-0266","or","or","然而; 于是","或者","205","133","JOUR 28","LEXI_BRIDGE_FF4","FF4_V1","AUTO_SOURCE_VERIFIED"
"LEXI_BRIDGE_FF4-0267","pardonner","pardon","宽恕; 原谅; 致命","原谅","206","136","JOUR 28","LEXI_BRIDGE_FF4","FF4_V1","AUTO_SOURCE_VERIFIED"
"LEXI_BRIDGE_FF4-0268","frais","fresh","新鲜的; 凉爽的; 清脆的","新鲜的","206","86","JOUR 28","LEXI_BRIDGE_FF4","FF4_V1","AUTO_SOURCE_VERIFIED"
"LEXI_BRIDGE_FF4-0269","revue","review","检阅; 杂志; 歌舞剧","评论; 复习","207","168","JOUR 28","LEXI_BRIDGE_FF4","FF4_V1","AUTO_SOURCE_VERIFIED"
"LEXI_BRIDGE_FF4-0270","supprimer","suppress","删除; 取消; 剥夺; 杀掉（口语）","压制; 镇压","207","184","JOUR 28","LEXI_BRIDGE_FF4","FF4_V1","AUTO_SOURCE_VERIFIED"
"LEXI_BRIDGE_FF4-0271","habit","habit","外套; 礼服; 骑装; 僧袍","习惯","207","94","JOUR 28","LEXI_BRIDGE_FF4","FF4_V1","AUTO_SOURCE_VERIFIED"
"LEXI_BRIDGE_FF4-0272","représenter","represent","代表; 表演（戏剧）","代表; 表示","208","165","JOUR 28","LEXI_BRIDGE_FF4","FF4_V1","AUTO_SOURCE_VERIFIED"
"LEXI_BRIDGE_FF4-0273","encore","encore","仍然; 再次","返场","208","71","JOUR 28","LEXI_BRIDGE_FF4","FF4_V1","AUTO_SOURCE_VERIFIED"
"LEXI_BRIDGE_FF4-0274","sympathie","sympathy","好感; 投缘; 温情","同情","209","186","JOUR 28","LEXI_BRIDGE_FF4","FF4_V1","AUTO_SOURCE_VERIFIED"
"LEXI_BRIDGE_FF4-0275","grave","grave","严重的; 低沉的; 最严重的","坟墓; 严重的","209","93","JOUR 28","LEXI_BRIDGE_FF4","FF4_V1","AUTO_SOURCE_VERIFIED"
"LEXI_BRIDGE_FF4-0276","dépendre","depend","依赖; 隶属; 悬挂取下","依赖","215","59","JOUR 29","LEXI_BRIDGE_FF4","FF4_V1","AUTO_SOURCE_VERIFIED"
"LEXI_BRIDGE_FF4-0277","chanter","chant","唱歌; （鸟虫）鸣叫; 敲诈","吟唱","215","35","JOUR 29","LEXI_BRIDGE_FF4","FF4_V1","AUTO_SOURCE_VERIFIED"
"LEXI_BRIDGE_FF4-0278","folie","folly","疯狂; 荒唐事; 奢侈","愚行","216","83","JOUR 29","LEXI_BRIDGE_FF4","FF4_V1","AUTO_SOURCE_VERIFIED"
"LEXI_BRIDGE_FF4-0279","propre","proper","干净的; 自己的; 特有的; 合适的","适当的; 正确的","216","154","JOUR 29","LEXI_BRIDGE_FF4","FF4_V1","AUTO_SOURCE_VERIFIED"
"LEXI_BRIDGE_FF4-0280","fonder","found","奠定基础; 创办","建立; 发现","216","83","JOUR 29","LEXI_BRIDGE_FF4","FF4_V1","AUTO_SOURCE_VERIFIED"
"LEXI_BRIDGE_FF4-0281","opinion","opinion","意见; 舆论; 公众","意见","220","132","JOUR 30","LEXI_BRIDGE_FF4","FF4_V1","AUTO_SOURCE_VERIFIED"
"LEXI_BRIDGE_FF4-0282","publicité","publicity","广告宣传; 广告","公众关注; 宣传","220","155","JOUR 30","LEXI_BRIDGE_FF4","FF4_V1","AUTO_SOURCE_VERIFIED"
"LEXI_BRIDGE_FF4-0283","élaborer","elaborate","制定; 推敲","详细阐述","221","69","JOUR 30","LEXI_BRIDGE_FF4","FF4_V1","AUTO_SOURCE_VERIFIED"
"LEXI_BRIDGE_FF4-0284","costume","costume","男西装; 正装","服装; 戏服","221","48","JOUR 30","LEXI_BRIDGE_FF4","FF4_V1","AUTO_SOURCE_VERIFIED"
"LEXI_BRIDGE_FF4-0285","stationner","station","停车; 停留","驻扎; 站点","222","182","JOUR 30","LEXI_BRIDGE_FF4","FF4_V1","AUTO_SOURCE_VERIFIED"
"LEXI_BRIDGE_FF4-0286","coin","coin","角落","硬币","223","39","JOUR 30","LEXI_BRIDGE_FF4","FF4_V1","AUTO_SOURCE_VERIFIED"
"LEXI_BRIDGE_FF4-0287","licence","licence","许可; 自由; 学士学位; 钓鱼证","许可证; 执照","223","113","JOUR 30","LEXI_BRIDGE_FF4","FF4_V1","AUTO_SOURCE_VERIFIED"
"LEXI_BRIDGE_FF4-0288","crème","cream","加奶咖啡; 奶油","奶油","227","50","JOUR 31","LEXI_BRIDGE_FF4","FF4_V1","AUTO_SOURCE_VERIFIED"
"LEXI_BRIDGE_FF4-0289","cousin","cousin","堂表亲; 蚊子","堂表亲","228","50","JOUR 31","LEXI_BRIDGE_FF4","FF4_V1","AUTO_SOURCE_VERIFIED"
"LEXI_BRIDGE_FF4-0290","récipient","recipient","容器","接受者","228","160","JOUR 31","LEXI_BRIDGE_FF4","FF4_V1","AUTO_SOURCE_VERIFIED"
"LEXI_BRIDGE_FF4-0291","heurter","hurt","碰撞; 撞击; 使震惊; 使难过","伤害","228","96","JOUR 31","LEXI_BRIDGE_FF4","FF4_V1","AUTO_SOURCE_VERIFIED"
"LEXI_BRIDGE_FF4-0292","sortie","sortie","出口; 外出; 发作","突围出击","229","180","JOUR 31","LEXI_BRIDGE_FF4","FF4_V1","AUTO_SOURCE_VERIFIED"
"LEXI_BRIDGE_FF4-0293","chasse","chase","狩猎; 射猎; 抽水马桶冲水","追赶","229","36","JOUR 31","LEXI_BRIDGE_FF4","FF4_V1","AUTO_SOURCE_VERIFIED"
"LEXI_BRIDGE_FF4-0294","cap","cap","海角; 方向","帽子","230","31","JOUR 31","LEXI_BRIDGE_FF4","FF4_V1","AUTO_SOURCE_VERIFIED"
"LEXI_BRIDGE_FF4-0295","somme","some","小睡; 总和","一些","230","179","JOUR 31","LEXI_BRIDGE_FF4","FF4_V1","AUTO_SOURCE_VERIFIED"
"LEXI_BRIDGE_FF4-0296","journal","journal","报纸; 日记; 航海日志; 电视新闻","期刊; 日志","234","108","JOUR 32","LEXI_BRIDGE_FF4","FF4_V1","AUTO_SOURCE_VERIFIED"
"LEXI_BRIDGE_FF4-0297","nerveux","nervous","神经的; 紧张不安的; 易怒的; 强劲的","紧张的; 神经的","235","128","JOUR 32","LEXI_BRIDGE_FF4","FF4_V1","AUTO_SOURCE_VERIFIED"
"LEXI_BRIDGE_FF4-0298","pitié","pity","怜悯; 同情; 仁慈","怜悯; 遗憾","237","145","JOUR 32","LEXI_BRIDGE_FF4","FF4_V1","AUTO_SOURCE_VERIFIED"
"LEXI_BRIDGE_FF4-0299","presser","press","压; 催促","压; 新闻界","237","151","JOUR 32","LEXI_BRIDGE_FF4","FF4_V1","AUTO_SOURCE_VERIFIED"
"LEXI_BRIDGE_FF4-0300","défendre","defend","保护; 禁止","保护; 辩护","237","56","JOUR 32","LEXI_BRIDGE_FF4","FF4_V1","AUTO_SOURCE_VERIFIED"
"LEXI_BRIDGE_FF4-0301","respecter","respect","尊重; 遵守（协议/日程）","尊重","239","166","JOUR 32","LEXI_BRIDGE_FF4","FF4_V1","AUTO_SOURCE_VERIFIED"
"LEXI_BRIDGE_FF4-0302","préserver","preserve","保护; 保存; 维护","保护; 腌制食品","239","151","JOUR 32","LEXI_BRIDGE_FF4","FF4_V1","AUTO_SOURCE_VERIFIED"
"LEXI_BRIDGE_FF4-0303","percevoir","perceive","感知; 征收; 收取入场费","察觉; 理解","241","141","JOUR 33","LEXI_BRIDGE_FF4","FF4_V1","AUTO_SOURCE_VERIFIED"
"LEXI_BRIDGE_FF4-0304","désigner","design","指出; 指定; 命名","设计","242","61","JOUR 33","LEXI_BRIDGE_FF4","FF4_V1","AUTO_SOURCE_VERIFIED"
"LEXI_BRIDGE_FF4-0305","liquide","liquid","液体; 现款","液体; 清偿力","242","114","JOUR 33","LEXI_BRIDGE_FF4","FF4_V1","AUTO_SOURCE_VERIFIED"
"LEXI_BRIDGE_FF4-0306","local","local","建筑; 房间; 场所","当地的; 酒吧","243","115","JOUR 33","LEXI_BRIDGE_FF4","FF4_V1","AUTO_SOURCE_VERIFIED"
"LEXI_BRIDGE_FF4-0307","fortune","fortune","命运; 机会; 财富; 临时凑成的物品","财富; 运气","243","85","JOUR 33","LEXI_BRIDGE_FF4","FF4_V1","AUTO_SOURCE_VERIFIED"
"LEXI_BRIDGE_FF4-0308","note","note","正式通知; 笔记; 乐音; 成绩单; 账单","笔记; 便条; 音符","243","129","JOUR 33","LEXI_BRIDGE_FF4","FF4_V1","AUTO_SOURCE_VERIFIED"
"LEXI_BRIDGE_FF4-0309","persuader","persuade","说服; 使确信","说服","243","142","JOUR 33","LEXI_BRIDGE_FF4","FF4_V1","AUTO_SOURCE_VERIFIED"
"LEXI_BRIDGE_FF4-0310","introduire","introduce","引入; 介绍; 插入","介绍; 引入","244","106","JOUR 33","LEXI_BRIDGE_FF4","FF4_V1","AUTO_SOURCE_VERIFIED"
"LEXI_BRIDGE_FF4-0311","rampe","ramp","坡道; 扶手; 栏杆; 舞台脚灯","坡道; 暴涨","245","158","JOUR 33","LEXI_BRIDGE_FF4","FF4_V1","AUTO_SOURCE_VERIFIED"
"LEXI_BRIDGE_FF4-0312","reconnaître","recognize","认出; 承认; 确认","认出; 认可","245","161","JOUR 33","LEXI_BRIDGE_FF4","FF4_V1","AUTO_SOURCE_VERIFIED"
"LEXI_BRIDGE_FF4-0313","chat","chat","猫","聊天","249","36","JOUR 34","LEXI_BRIDGE_FF4","FF4_V1","AUTO_SOURCE_VERIFIED"
"LEXI_BRIDGE_FF4-0314","faillir","fail","未做到; 失足; 差点","失败","249","78","JOUR 34","LEXI_BRIDGE_FF4","FF4_V1","AUTO_SOURCE_VERIFIED"
"LEXI_BRIDGE_FF4-0315","reporter","report","带回; 推迟; 延期; 新闻报道; 告发","报道; 报告","249","165","JOUR 34","LEXI_BRIDGE_FF4","FF4_V1","AUTO_SOURCE_VERIFIED"
"LEXI_BRIDGE_FF4-0316","fin","fin","结束; 鱼鳍; 目的","鳍; 金融","250","81","JOUR 34","LEXI_BRIDGE_FF4","FF4_V1","AUTO_SOURCE_VERIFIED"
"LEXI_BRIDGE_FF4-0317","galerie","gallery","画廊; 汽车行李架; 剧场楼座","画廊; 走廊","250","88","JOUR 34","LEXI_BRIDGE_FF4","FF4_V1","AUTO_SOURCE_VERIFIED"
"LEXI_BRIDGE_FF4-0318","réviser","revise","复习; 复审; 保养（汽车）","修改; 复习","251","168","JOUR 34","LEXI_BRIDGE_FF4","FF4_V1","AUTO_SOURCE_VERIFIED"
"LEXI_BRIDGE_FF4-0319","général","general","将军; 一般的","将军; 一般的","251","89","JOUR 34","LEXI_BRIDGE_FF4","FF4_V1","AUTO_SOURCE_VERIFIED"
"LEXI_BRIDGE_FF4-0320","inspirer","inspire","激发; 吸入","激发","252","104","JOUR 34","LEXI_BRIDGE_FF4","FF4_V1","AUTO_SOURCE_VERIFIED"
"LEXI_BRIDGE_FF4-0321","union","union","联合; 协会","联合; 工会","253","195","JOUR 34","LEXI_BRIDGE_FF4","FF4_V1","AUTO_SOURCE_VERIFIED"
"LEXI_BRIDGE_FF4-0322","intérieur","interior","内部; 家庭生活; 内政部","内部; 室内","253","105","JOUR 34","LEXI_BRIDGE_FF4","FF4_V1","AUTO_SOURCE_VERIFIED"
"LEXI_BRIDGE_FF4-0323","saisir","seize","抓住; 理解; 提交","抓住","253","172","JOUR 34","LEXI_BRIDGE_FF4","FF4_V1","AUTO_SOURCE_VERIFIED"
"LEXI_BRIDGE_FF4-0324","physique","physics","物理学","物理学","255","143","JOUR 35","LEXI_BRIDGE_FF4","FF4_V1","AUTO_SOURCE_VERIFIED"
"LEXI_BRIDGE_FF4-0325","joli","jolly","漂亮的; 可爱的; 非常","快乐的; 愉快的","255","108","JOUR 35","LEXI_BRIDGE_FF4","FF4_V1","AUTO_SOURCE_VERIFIED"
"LEXI_BRIDGE_FF4-0326","signifier","signify","表示; 意味着; 正式送达","表示; 意味着","256","177","JOUR 35","LEXI_BRIDGE_FF4","FF4_V1","AUTO_SOURCE_VERIFIED"
"LEXI_BRIDGE_FF4-0327","don","don","赠礼; 天赋; 大学教授称谓","先生","256","66","JOUR 35","LEXI_BRIDGE_FF4","FF4_V1","AUTO_SOURCE_VERIFIED"
"LEXI_BRIDGE_FF4-0328","instruire","instruct","教育; 告知; 法律调查","指导; 教育","256","105","JOUR 35","LEXI_BRIDGE_FF4","FF4_V1","AUTO_SOURCE_VERIFIED"
"LEXI_BRIDGE_FF4-0329","révolter","revolt","反抗; 激怒; 冒犯","反抗","257","168","JOUR 35","LEXI_BRIDGE_FF4","FF4_V1","AUTO_SOURCE_VERIFIED"
"LEXI_BRIDGE_FF4-0330","ressentir","resent","深切感到","怨恨","258","166","JOUR 35","LEXI_BRIDGE_FF4","FF4_V1","AUTO_SOURCE_VERIFIED"
"LEXI_BRIDGE_FF4-0331","vue","view","视野; 视力; 观点","景色; 看法","258","201","JOUR 35","LEXI_BRIDGE_FF4","FF4_V1","AUTO_SOURCE_VERIFIED"
"LEXI_BRIDGE_FF4-0332","usuel","usual","参考工具书","通常的","260","196","JOUR 35","LEXI_BRIDGE_FF4","FF4_V1","AUTO_SOURCE_VERIFIED"
"LEXI_BRIDGE_FF4-0333","douter","doubt","怀疑; 认为","怀疑","260","67","JOUR 35","LEXI_BRIDGE_FF4","FF4_V1","AUTO_SOURCE_VERIFIED"
"LEXI_BRIDGE_FF4-0334","singe","singe","猴子; 模仿者; 老板; 咸牛肉罐头","烧焦一点","260","177","JOUR 35","LEXI_BRIDGE_FF4","FF4_V1","AUTO_SOURCE_VERIFIED"
"LEXI_BRIDGE_FF4-0335","infirme","infirm","残疾的; 行动不便的; 病人","年老体弱的","260","103","JOUR 35","LEXI_BRIDGE_FF4","FF4_V1","AUTO_SOURCE_VERIFIED"
"LEXI_BRIDGE_FF4-0336","composer","compose","创作; 参加考试; 拨号; 妥协","创作; 组成","260","42","JOUR 35","LEXI_BRIDGE_FF4","FF4_V1","AUTO_SOURCE_VERIFIED"
"LEXI_BRIDGE_FF4-0337","interpréter","interpret","解释; 理解; 演出; 演奏; 表演","解释; 理解","262","106","JOUR 36","LEXI_BRIDGE_FF4","FF4_V1","AUTO_SOURCE_VERIFIED"
"LEXI_BRIDGE_FF4-0338","grippe","grip","流感; 厌恶","抓握","262","93","JOUR 36","LEXI_BRIDGE_FF4","FF4_V1","AUTO_SOURCE_VERIFIED"
"LEXI_BRIDGE_FF4-0339","quitter","quit","离开","离开; 停止","262","156","JOUR 36","LEXI_BRIDGE_FF4","FF4_V1","AUTO_SOURCE_VERIFIED"
"LEXI_BRIDGE_FF4-0340","cheminée","chimney","烟囱; 漏斗; 壁炉; 壁炉架","烟囱","262","36","JOUR 36","LEXI_BRIDGE_FF4","FF4_V1","AUTO_SOURCE_VERIFIED"
"LEXI_BRIDGE_FF4-0341","doubler","double","加倍; 留级; 给衣物衬里; 为电影配音; 超车","加倍","263","66","JOUR 36","LEXI_BRIDGE_FF4","FF4_V1","AUTO_SOURCE_VERIFIED"
"LEXI_BRIDGE_FF4-0342","crise","crisis","危机; 短缺; 发作","危机","263","51","JOUR 36","LEXI_BRIDGE_FF4","FF4_V1","AUTO_SOURCE_VERIFIED"
"LEXI_BRIDGE_FF4-0343","inférieur","inferior","下方的; 较低的; 低年级的","较差的","263","103","JOUR 36","LEXI_BRIDGE_FF4","FF4_V1","AUTO_SOURCE_VERIFIED"
"LEXI_BRIDGE_FF4-0344","enregistrer","register","登记; 录制","登记","264","72","JOUR 36","LEXI_BRIDGE_FF4","FF4_V1","AUTO_SOURCE_VERIFIED"
"LEXI_BRIDGE_FF4-0345","tension","tension","紧张; 血压","紧张; 张力","264","188","JOUR 36","LEXI_BRIDGE_FF4","FF4_V1","AUTO_SOURCE_VERIFIED"
"LEXI_BRIDGE_FF4-0346","fou","fool","疯子; 象棋象; 宫廷小丑","傻瓜","266","85","JOUR 36","LEXI_BRIDGE_FF4","FF4_V1","AUTO_SOURCE_VERIFIED"
"LEXI_BRIDGE_FF4-0347","large","large","宽的; 宽阔的; 宽厚的; 慷慨的","大的","266","111","JOUR 36","LEXI_BRIDGE_FF4","FF4_V1","AUTO_SOURCE_VERIFIED"
"LEXI_BRIDGE_FF4-0348","hasard","hazard","偶然; 机会; 运气","危险; 风险","267","95","JOUR 36","LEXI_BRIDGE_FF4","FF4_V1","AUTO_SOURCE_VERIFIED"
"LEXI_BRIDGE_FF4-0349","site","site","地点; 美景; 场址; 建筑工地","地点; 网站","267","177","JOUR 36","LEXI_BRIDGE_FF4","FF4_V1","AUTO_SOURCE_VERIFIED"
"LEXI_BRIDGE_FF4-0350","traîner","train","拖; 拉; 磨蹭; 拖沓","训练","268","191","JOUR 36","LEXI_BRIDGE_FF4","FF4_V1","AUTO_SOURCE_VERIFIED"
"LEXI_BRIDGE_FF4-0351","inciter","incite","煽动; 鼓励; 诱惑","煽动","268","100","JOUR 36","LEXI_BRIDGE_FF4","FF4_V1","AUTO_SOURCE_VERIFIED"
"LEXI_BRIDGE_FF4-0352","pousser","push","推; 生长; 发出（哭喊）","推; 按压","270","150","JOUR 37","LEXI_BRIDGE_FF4","FF4_V1","AUTO_SOURCE_VERIFIED"
"LEXI_BRIDGE_FF4-0353","standard","standard","旗帜; 标准（niveau）","标准","270","181","JOUR 37","LEXI_BRIDGE_FF4","FF4_V1","AUTO_SOURCE_VERIFIED"
"LEXI_BRIDGE_FF4-0354","instant","instant","紧急的; 急迫的","瞬间的","270","104","JOUR 37","LEXI_BRIDGE_FF4","FF4_V1","AUTO_SOURCE_VERIFIED"
"LEXI_BRIDGE_FF4-0355","relation","relation","关系; 叙述; 熟人; 联系; 铁路/道路班次","关系; 亲属","271","163","JOUR 37","LEXI_BRIDGE_FF4","FF4_V1","AUTO_SOURCE_VERIFIED"
"LEXI_BRIDGE_FF4-0356","posséder","possess","拥有; 精通","拥有; 控制","271","149","JOUR 37","LEXI_BRIDGE_FF4","FF4_V1","AUTO_SOURCE_VERIFIED"
"LEXI_BRIDGE_FF4-0357","rivière","river","河流; 障碍赛水障; 开放式缝线; 钻石项链","河流","271","169","JOUR 37","LEXI_BRIDGE_FF4","FF4_V1","AUTO_SOURCE_VERIFIED"
"LEXI_BRIDGE_FF4-0358","vapeur","vapor","蒸汽; 水汽","蒸汽","271","197","JOUR 37","LEXI_BRIDGE_FF4","FF4_V1","AUTO_SOURCE_VERIFIED"
"LEXI_BRIDGE_FF4-0359","particulier","particular","私人; 个人; 具体细节","特定的; 细节","272","137","JOUR 37","LEXI_BRIDGE_FF4","FF4_V1","AUTO_SOURCE_VERIFIED"
"LEXI_BRIDGE_FF4-0360","marché","market","市场; 交易; 便宜货","市场","272","119","JOUR 37","LEXI_BRIDGE_FF4","FF4_V1","AUTO_SOURCE_VERIFIED"
"LEXI_BRIDGE_FF4-0361","projeter","project","投射; 放映; 计划","项目; 预测","274","153","JOUR 37","LEXI_BRIDGE_FF4","FF4_V1","AUTO_SOURCE_VERIFIED"
"LEXI_BRIDGE_FF4-0362","scandale","scandal","丑闻; 令人震惊之事","丑闻","275","173","JOUR 37","LEXI_BRIDGE_FF4","FF4_V1","AUTO_SOURCE_VERIFIED"
"LEXI_BRIDGE_FF4-0363","draguer","drag","疏浚; 拖曳水面; 搭讪","拖; 拉","279","67","JOUR 38","LEXI_BRIDGE_FF4","FF4_V1","AUTO_SOURCE_VERIFIED"
"LEXI_BRIDGE_FF4-0364","pratiquer","practise","从事（宗教、医学）; 玩（体育）; 做手术; 建造","练习; 实行","279","150","JOUR 38","LEXI_BRIDGE_FF4","FF4_V1","AUTO_SOURCE_VERIFIED"
"LEXI_BRIDGE_FF4-0365","commissaire","commissioner","专员; 警察督察; 审计员; 船上事务长","委员","281","40","JOUR 38","LEXI_BRIDGE_FF4","FF4_V1","AUTO_SOURCE_VERIFIED"
"LEXI_BRIDGE_FF4-0366","supplier","supply","恳求; 请求","供应","284","184","JOUR 39","LEXI_BRIDGE_FF4","FF4_V1","AUTO_SOURCE_VERIFIED"
"LEXI_BRIDGE_FF4-0367","humeur","humour","心情; 情绪; 脾气","幽默","284","96","JOUR 39","LEXI_BRIDGE_FF4","FF4_V1","AUTO_SOURCE_VERIFIED"
"LEXI_BRIDGE_FF4-0368","relief","relief","浮雕; 地形起伏; 突出; 剩饭; 救济","救济; 缓解","286","163","JOUR 39","LEXI_BRIDGE_FF4","FF4_V1","AUTO_SOURCE_VERIFIED"
"LEXI_BRIDGE_FF4-0369","record","record","（体育）纪录","记录; 唱片","288","161","JOUR 39","LEXI_BRIDGE_FF4","FF4_V1","AUTO_SOURCE_VERIFIED"
"LEXI_BRIDGE_FF4-0370","rapport","report","报告; 账目; 收益; 关系; 比例","报告; 报道","289","158","JOUR 39","LEXI_BRIDGE_FF4","FF4_V1","AUTO_SOURCE_VERIFIED"
"LEXI_BRIDGE_FF4-0371","recommander","recommend","推荐; 挂号（信件）","推荐","292","161","JOUR 40","LEXI_BRIDGE_FF4","FF4_V1","AUTO_SOURCE_VERIFIED"
"LEXI_BRIDGE_FF4-0372","solliciter","solicit","请求; 恳求; 申请; 争取","招揽; 请求","292","179","JOUR 40","LEXI_BRIDGE_FF4","FF4_V1","AUTO_SOURCE_VERIFIED"
"LEXI_BRIDGE_FF4-0373","office","office","职务; 机构; 教会礼拜; 斡旋","办公室; 职务","295","131","JOUR 40","LEXI_BRIDGE_FF4","FF4_V1","AUTO_SOURCE_VERIFIED"
"LEXI_BRIDGE_FF4-0374","sauce","sauce","调味汁; 肉汁; 黑色蜡笔; 打骂","酱汁","297","173","JOUR 40","LEXI_BRIDGE_FF4","FF4_V1","AUTO_SOURCE_VERIFIED"
"LEXI_BRIDGE_FF4-0375","trousse","truss","捆; 工具包; 医疗包","支架; 束缚","297","194","JOUR 40","LEXI_BRIDGE_FF4","FF4_V1","AUTO_SOURCE_VERIFIED"
"LEXI_BRIDGE_FF4-0376","gaz","gas","燃气; 气泡感","燃气; 汽油","299","89","JOUR 41","LEXI_BRIDGE_FF4","FF4_V1","AUTO_SOURCE_VERIFIED"
"LEXI_BRIDGE_FF4-0377","partie","party","部分; 一局比赛; 当事人; 狩猎队; 集合; 政治党派","聚会; 政党","299","138","JOUR 41","LEXI_BRIDGE_FF4","FF4_V1","AUTO_SOURCE_VERIFIED"
"LEXI_BRIDGE_FF4-0378","formule","formula","公式; 表格; 惯用语; 成套方案","公式","300","85","JOUR 41","LEXI_BRIDGE_FF4","FF4_V1","AUTO_SOURCE_VERIFIED"
"LEXI_BRIDGE_FF4-0379","coffre","coffer","箱子; 胸柜; 汽车后备箱; 保险柜","钱箱","301","39","JOUR 41","LEXI_BRIDGE_FF4","FF4_V1","AUTO_SOURCE_VERIFIED"
"LEXI_BRIDGE_FF4-0380","contact","contact","联系; 开关; 点火装置","联系","303","46","JOUR 41","LEXI_BRIDGE_FF4","FF4_V1","AUTO_SOURCE_VERIFIED"
"LEXI_BRIDGE_FF4-0381","remarquer","remark","注意到; 察觉","评论; 言论","303","163","JOUR 41","LEXI_BRIDGE_FF4","FF4_V1","AUTO_SOURCE_VERIFIED"
"LEXI_BRIDGE_FF4-0382","pur","pure","纯的; 纯粹的; 强硬的","纯的","303","155","JOUR 41","LEXI_BRIDGE_FF4","FF4_V1","AUTO_SOURCE_VERIFIED"
"LEXI_BRIDGE_FF4-0383","passer","pass","经过; 参加考试; 通过考试; 升职; 忽略; 越过","经过; 通过","303","138","JOUR 41","LEXI_BRIDGE_FF4","FF4_V1","AUTO_SOURCE_VERIFIED"
"LEXI_BRIDGE_FF4-0384","code","code","法典; 公路法规; 灯光信号","密码","307","39","JOUR 42","LEXI_BRIDGE_FF4","FF4_V1","AUTO_SOURCE_VERIFIED"
"LEXI_BRIDGE_FF4-0385","mine","mine","矿井; 面容; 空气; 铅笔芯","我的; 矿井","312","123","JOUR 42","LEXI_BRIDGE_FF4","FF4_V1","AUTO_SOURCE_VERIFIED"
"LEXI_BRIDGE_FF4-0386","doter","dote","给嫁妆; 提供","溺爱","312","66","JOUR 42","LEXI_BRIDGE_FF4","FF4_V1","AUTO_SOURCE_VERIFIED"
"LEXI_BRIDGE_FF4-0387","ravi","ravished","欣喜的; 高兴的","欣喜的; 被掳走的","317","159","JOUR 43","LEXI_BRIDGE_FF4","FF4_V1","AUTO_SOURCE_VERIFIED"
"LEXI_BRIDGE_FF4-0388","inutile","useless","无用的; 徒劳的; 无意义的","无用的","317","107","JOUR 43","LEXI_BRIDGE_FF4","FF4_V1","AUTO_SOURCE_VERIFIED"
"LEXI_BRIDGE_FF4-0389","exact","exact","准时的; 正确的","精确的","317","75","JOUR 43","LEXI_BRIDGE_FF4","FF4_V1","AUTO_SOURCE_VERIFIED"
"LEXI_BRIDGE_FF4-0390","fameux","famous","著名的; 极好的; 真正的","著名的","318","78","JOUR 43","LEXI_BRIDGE_FF4","FF4_V1","AUTO_SOURCE_VERIFIED"
"LEXI_BRIDGE_FF4-0391","dresser","dress","竖立; 制定; 训练; 起身","穿衣","318","67","JOUR 43","LEXI_BRIDGE_FF4","FF4_V1","AUTO_SOURCE_VERIFIED"
"LEXI_BRIDGE_FF4-0392","marquer","mark","标记; 给人深刻印象","标记; 分数","319","120","JOUR 43","LEXI_BRIDGE_FF4","FF4_V1","AUTO_SOURCE_VERIFIED"
"LEXI_BRIDGE_FF4-0393","sauver","save","救; 逃跑; 沸腾溢出","保存; 节省","321","173","JOUR 44","LEXI_BRIDGE_FF4","FF4_V1","AUTO_SOURCE_VERIFIED"
"LEXI_BRIDGE_FF4-0394","secteur","sector","区域; 行业; 市电","扇区; 部门","321","175","JOUR 44","LEXI_BRIDGE_FF4","FF4_V1","AUTO_SOURCE_VERIFIED"
"LEXI_BRIDGE_FF4-0395","solde","sold","余额; 清仓存货; 军饷","已售的","322","179","JOUR 44","LEXI_BRIDGE_FF4","FF4_V1","AUTO_SOURCE_VERIFIED"
"LEXI_BRIDGE_FF4-0396","poser","pose","摆姿势; 放置; 提出问题; 安装","摆姿势; 姿态","322","149","JOUR 44","LEXI_BRIDGE_FF4","FF4_V1","AUTO_SOURCE_VERIFIED"
"LEXI_BRIDGE_FF4-0397","ornement","ornament","装饰; 美化; 装饰品","装饰品","323","133","JOUR 44","LEXI_BRIDGE_FF4","FF4_V1","AUTO_SOURCE_VERIFIED"
"LEXI_BRIDGE_FF4-0398","revenu","revenue","收入","收入","324","167","JOUR 44","LEXI_BRIDGE_FF4","FF4_V1","AUTO_SOURCE_VERIFIED"
"LEXI_BRIDGE_FF4-0399","fasciner","fascinate","催眠般迷住; 吸引; 迷住","使着迷","324","79","JOUR 44","LEXI_BRIDGE_FF4","FF4_V1","AUTO_SOURCE_VERIFIED"
"LEXI_BRIDGE_FF4-0400","envie","envy","欲望; 愿望; 想要","嫉妒","325","73","JOUR 44","LEXI_BRIDGE_FF4","FF4_V1","AUTO_SOURCE_VERIFIED"
"LEXI_BRIDGE_FF4-0401","placard","placard","壁橱; 海报; 报纸插页广告","布告; 海报","325","145","JOUR 44","LEXI_BRIDGE_FF4","FF4_V1","AUTO_SOURCE_VERIFIED"
"LEXI_BRIDGE_FF4-0402","exposer","expose","陈列; 展示; 揭示","暴露","326","77","JOUR 44","LEXI_BRIDGE_FF4","FF4_V1","AUTO_SOURCE_VERIFIED"
"LEXI_BRIDGE_FF4-0403","quai","quay","码头; 河岸; 站台","码头","326","156","JOUR 44","LEXI_BRIDGE_FF4","FF4_V1","AUTO_SOURCE_VERIFIED"
"LEXI_BRIDGE_FF4-0404","impressionnant","impressive","给人深刻印象的; 令人不安的; 令人震撼的","令人印象深刻的","329","99","JOUR 45","LEXI_BRIDGE_FF4","FF4_V1","AUTO_SOURCE_VERIFIED"
"LEXI_BRIDGE_FF4-0405","syndicat","syndicate","工会; 行业协会; 旅游局","辛迪加; 财团","331","186","JOUR 45","LEXI_BRIDGE_FF4","FF4_V1","AUTO_SOURCE_VERIFIED"
"LEXI_BRIDGE_FF4-0406","chagrin","chagrin","悲伤; 鲨鱼皮","懊恼","332","34","JOUR 45","LEXI_BRIDGE_FF4","FF4_V1","AUTO_SOURCE_VERIFIED"
"LEXI_BRIDGE_FF4-0407","terme","term","术语; 期限; 界限; 季度","术语; 学期","335","188","JOUR 46","LEXI_BRIDGE_FF4","FF4_V1","AUTO_SOURCE_VERIFIED"
"LEXI_BRIDGE_FF4-0408","condamner","condemn","谴责; 封死（门窗）","谴责","335","42","JOUR 46","LEXI_BRIDGE_FF4","FF4_V1","AUTO_SOURCE_VERIFIED"
"LEXI_BRIDGE_FF4-0409","exploit","exploit","功绩; 诉状; 传票","功绩; 利用","336","77","JOUR 46","LEXI_BRIDGE_FF4","FF4_V1","AUTO_SOURCE_VERIFIED"
"LEXI_BRIDGE_FF4-0410","quart","quart","四分之一; 一刻钟; 半升瓶; （船）值班; 军用水杯","夸脱","336","156","JOUR 46","LEXI_BRIDGE_FF4","FF4_V1","AUTO_SOURCE_VERIFIED"
"LEXI_BRIDGE_FF4-0411","restaurer","restore","修复; 使恢复精力（食物）","修复; 恢复","337","166","JOUR 46","LEXI_BRIDGE_FF4","FF4_V1","AUTO_SOURCE_VERIFIED"
"LEXI_BRIDGE_FF4-0412","engager","engage","雇用; 典当; 约束; 入伍; 驶入","订婚; 从事","337","72","JOUR 46","LEXI_BRIDGE_FF4","FF4_V1","AUTO_SOURCE_VERIFIED"
"LEXI_BRIDGE_FF4-0413","confondre","confound","使困惑; 混淆; 混合","使困惑","337","44","JOUR 46","LEXI_BRIDGE_FF4","FF4_V1","AUTO_SOURCE_VERIFIED"
"LEXI_BRIDGE_FF4-0414","expertise","expertise","专家鉴定; 估价","专业知识","338","76","JOUR 46","LEXI_BRIDGE_FF4","FF4_V1","AUTO_SOURCE_VERIFIED"
"LEXI_BRIDGE_FF4-0415","oignon","onion","洋葱; 球根; 脚趾鸡眼","洋葱","339","132","JOUR 46","LEXI_BRIDGE_FF4","FF4_V1","AUTO_SOURCE_VERIFIED"
"LEXI_BRIDGE_FF4-0416","signaler","signal","指出; 报告; 标示","发信号","340","176","JOUR 46","LEXI_BRIDGE_FF4","FF4_V1","AUTO_SOURCE_VERIFIED"
"LEXI_BRIDGE_FF4-0417","virtuel","virtual","可能的; 潜在的; 技术意义的虚拟","虚拟的","342","200","JOUR 47","LEXI_BRIDGE_FF4","FF4_V1","AUTO_SOURCE_VERIFIED"
"LEXI_BRIDGE_FF4-0418","temple","temple","新教教堂","寺庙; 太阳穴","342","187","JOUR 47","LEXI_BRIDGE_FF4","FF4_V1","AUTO_SOURCE_VERIFIED"
"LEXI_BRIDGE_FF4-0419","information","information","法律调查; 新闻; 数据; 资料","信息","344","103","JOUR 47","LEXI_BRIDGE_FF4","FF4_V1","AUTO_SOURCE_VERIFIED"
"LEXI_BRIDGE_FF4-0420","type","type","类型; 家伙（口语）","类型; 打字","346","195","JOUR 47","LEXI_BRIDGE_FF4","FF4_V1","AUTO_SOURCE_VERIFIED"
"LEXI_BRIDGE_FF4-0421","provoquer","provoke","引起; 导致; 带来","挑衅; 激怒","349","154","JOUR 48","LEXI_BRIDGE_FF4","FF4_V1","AUTO_SOURCE_VERIFIED"
"LEXI_BRIDGE_FF4-0422","garder","guard","保留; 保存; 看守","守卫","349","89","JOUR 48","LEXI_BRIDGE_FF4","FF4_V1","AUTO_SOURCE_VERIFIED"
"LEXI_BRIDGE_FF4-0423","patient","patient","病人; 接受治疗者","病人; 耐心的","349","139","JOUR 48","LEXI_BRIDGE_FF4","FF4_V1","AUTO_SOURCE_VERIFIED"
"LEXI_BRIDGE_FF4-0424","gorge","gorge","峡谷; 喉咙; 危险地带","峡谷; 贪吃","349","91","JOUR 48","LEXI_BRIDGE_FF4","FF4_V1","AUTO_SOURCE_VERIFIED"
"LEXI_BRIDGE_FF4-0425","commode","commode","五斗柜; 方便的","便桶","349","41","JOUR 48","LEXI_BRIDGE_FF4","FF4_V1","AUTO_SOURCE_VERIFIED"
"LEXI_BRIDGE_FF4-0426","fixer","fix","固定; 盯着看; 任命; 安顿","修理; 固定","351","82","JOUR 48","LEXI_BRIDGE_FF4","FF4_V1","AUTO_SOURCE_VERIFIED"
"LEXI_BRIDGE_FF4-0427","flamme","flame","火焰; 爱情; 激情","火焰","352","82","JOUR 48","LEXI_BRIDGE_FF4","FF4_V1","AUTO_SOURCE_VERIFIED"
"LEXI_BRIDGE_FF4-0428","rude","rude","粗糙的; 严酷的; 强硬的; 粗鲁的","粗鲁的","352","170","JOUR 48","LEXI_BRIDGE_FF4","FF4_V1","AUTO_SOURCE_VERIFIED"
"LEXI_BRIDGE_FF4-0429","manteau","mantle","外套; 壁炉台; 暗中","斗篷; 地幔","353","119","JOUR 48","LEXI_BRIDGE_FF4","FF4_V1","AUTO_SOURCE_VERIFIED"
"LEXI_BRIDGE_FF4-0430","raisin","raisin","葡萄; 黑加仑; 无核葡萄干","葡萄干","355","158","JOUR 48","LEXI_BRIDGE_FF4","FF4_V1","AUTO_SOURCE_VERIFIED"
"LEXI_BRIDGE_FF4-0431","lecteur","lecturer","读者; 大学外籍助教","讲师","358","112","JOUR 49","LEXI_BRIDGE_FF4","FF4_V1","AUTO_SOURCE_VERIFIED"
"LEXI_BRIDGE_FF4-0432","ski","ski","滑雪板; 滑雪","滑雪; 滑雪板","358","178","JOUR 49","LEXI_BRIDGE_FF4","FF4_V1","AUTO_SOURCE_VERIFIED"
"LEXI_BRIDGE_FF4-0433","ligne","line","线; 轮廓; 图形; 段落; 身材; 航线; 写一句","线; 队列; 台词","359","113","JOUR 49","LEXI_BRIDGE_FF4","FF4_V1","AUTO_SOURCE_VERIFIED"
"LEXI_BRIDGE_FF4-0434","futur","future","未婚夫; 未来","未来","359","87","JOUR 49","LEXI_BRIDGE_FF4","FF4_V1","AUTO_SOURCE_VERIFIED"
"LEXI_BRIDGE_FF4-0435","ignorer","ignore","不知道; 未察觉; 忽视","忽视","360","97","JOUR 49","LEXI_BRIDGE_FF4","FF4_V1","AUTO_SOURCE_VERIFIED"
"LEXI_BRIDGE_FF4-0436","tirer","tire","拉; 抽取; 射击; 印刷; 离开","轮胎; 疲倦","360","189","JOUR 49","LEXI_BRIDGE_FF4","FF4_V1","AUTO_SOURCE_VERIFIED"
"LEXI_BRIDGE_FF4-0437","cours","course","课程; 一节课","课程","360","49","JOUR 49","LEXI_BRIDGE_FF4","FF4_V1","AUTO_SOURCE_VERIFIED"
"LEXI_BRIDGE_FF4-0438","raquette","racket","网球拍; 乒乓球拍; 雪鞋","噪音; 敲诈","360","159","JOUR 49","LEXI_BRIDGE_FF4","FF4_V1","AUTO_SOURCE_VERIFIED"
"LEXI_BRIDGE_FF4-0439","massif","massive","巨大的; 坚实的; 山块","巨大的","360","120","JOUR 49","LEXI_BRIDGE_FF4","FF4_V1","AUTO_SOURCE_VERIFIED"
"LEXI_BRIDGE_FF4-0440","mobile","mobile","动机; 犯罪动机","移动的; 手机","361","124","JOUR 49","LEXI_BRIDGE_FF4","FF4_V1","AUTO_SOURCE_VERIFIED"
"LEXI_BRIDGE_FF4-0441","tendance","tendency","倾向; 潮流","倾向","365","187","JOUR 50","LEXI_BRIDGE_FF4","FF4_V1","AUTO_SOURCE_VERIFIED"
"LEXI_BRIDGE_FF4-0442","digestif","digestive","餐后利口酒; 助消化饮品","消化的","365","63","JOUR 50","LEXI_BRIDGE_FF4","FF4_V1","AUTO_SOURCE_VERIFIED"
"LEXI_BRIDGE_FF4-0443","pension","pension","膳宿; 小旅馆; 寄宿学校","养老金; 抚恤金","367","141","JOUR 50","LEXI_BRIDGE_FF4","FF4_V1","AUTO_SOURCE_VERIFIED"
"LEXI_BRIDGE_FF4-0444","rallier","rally","集合; 归队; 靠岸","集会; 恢复","369","158","JOUR 50","LEXI_BRIDGE_FF4","FF4_V1","AUTO_SOURCE_VERIFIED"
"LEXI_BRIDGE_FF4-0445","express","express","快车; 浓缩咖啡","快递; 表达","369","77","JOUR 50","LEXI_BRIDGE_FF4","FF4_V1","AUTO_SOURCE_VERIFIED"
